goals,yellowCards,redCards,groundDuelsWon,groundDuelsWonPercentage,aerialDuelsWon,aerialDuelsWonPercentage,successfulDribbles,successfulDribblesPercentage,tackles,assists,accuratePassesPercentage,totalDuelsWon,totalDuelsWonPercentage,minutesPlayed,wasFouled,fouls,dispossessed,appearances,saves,savedShotsFromInsideTheBox,savedShotsFromOutsideTheBox,goalsConceded,goalsConcededInsideTheBox,goalsConcededOutsideTheBox,highClaims,successfulRunsOut,punches,runsOut,accurateFinalThirdPasses,bigChancesCreated,accuratePasses,keyPasses,accurateCrosses,accurateCrossesPercentage,accurateLongBalls,accurateLongBallsPercentage,interceptions,clearances,dribbledPast,bigChancesMissed,totalShots,shotsOnTarget,blockedShots,goalConversionPercentage,hitWoodwork,offsides,expectedGoals,errorLeadToGoal,errorLeadToShot,passToAssist,player,team,player id,team id,position
0,0,0,13,76.47,1,100,2,100,9,1,77.08,14,77.78,180,2,1,0,2,0,0,0,0,2,1,0,0,0,0,27,0,74,2,1,14.29,3,37.5,8,4,3,0,2,0,0,0,0,0,,0,0,0,Jérémy Pied,Southampton,37761,45,DF
0,1,0,45,76.27,9,47.37,13,86.67,29,0,72.91,54,69.23,628,3,2,6,7,0,0,0,0,7,3,0,0,0,0,51,0,148,3,4,20,5,17.86,15,34,4,0,0,0,0,0,0,0,,0,0,0,Aaron Wan-Bissaka,Crystal Palace,863653,7,DF
2,1,0,98,62.42,81,59.56,6,66.67,80,6,86.81,179,61.09,3330,13,25,7,37,0,0,0,0,36,2,0,0,0,0,446,11,2395,32,15,18.75,124,47.88,54,119,27,0,13,3,3,15.38,0,1,,0,1,1,César Azpilicueta,Chelsea,21555,38,DF
0,0,0,8,72.73,2,50,0,0,7,0,62.96,10,66.67,90,1,1,0,1,0,0,0,0,1,1,0,0,0,0,1,0,17,0,0,0,2,40,1,4,2,0,2,1,0,0,0,1,,0,0,0,Yohan Benalouane,Leicester City,21515,31,DF
0,0,0,6,75,1,100,1,100,4,0,82.22,7,77.78,97,1,0,0,2,0,0,0,0,0,0,0,0,0,0,16,0,37,4,1,20,2,33.33,2,5,2,0,1,0,0,0,0,0,,0,0,0,Jesús Gámez,Newcastle United,13193,39,DF
0,1,0,84,61.76,36,55.38,13,72.22,52,5,81.44,120,59.7,1913,20,18,6,24,0,0,0,0,20,1,0,0,0,0,327,7,1031,41,23,18.85,74,49.01,20,45,23,1,7,1,1,0,0,3,,0,1,0,Kieran Trippier,Tottenham Hotspur,69256,33,DF
2,3,0,87,56.13,45,47.37,15,71.43,47,6,80.14,132,52.8,2325,25,24,16,29,0,0,0,0,18,2,0,0,0,0,357,5,1045,47,34,22.82,47,41.59,28,62,23,0,18,6,4,11.11,0,0,,0,1,0,Ben Davies,Tottenham Hotspur,94758,33,DF
2,1,1,79,56.03,48,62.34,15,68.18,48,2,79.38,127,58.26,1429,16,21,16,17,0,0,0,0,10,2,0,0,0,0,194,5,616,15,6,8.82,26,50.98,31,48,20,1,15,6,3,13.33,0,2,,0,1,0,Serge Aurier,Tottenham Hotspur,105697,33,DF
3,8,0,117,61.26,46,48.42,24,75,67,4,85.55,163,56.99,2094,27,27,15,26,0,0,0,0,26,3,0,0,0,0,291,5,1320,25,5,45.45,76,54.68,28,32,25,1,27,8,5,11.11,1,0,,0,1,0,Emre Can,Liverpool,138156,44,DF
0,4,0,117,72.22,118,64.13,30,78.95,64,0,86.33,235,67.92,3205,25,20,6,36,0,0,0,0,28,3,0,0,0,0,287,2,2148,12,2,13.33,163,52.08,60,170,11,1,24,4,12,0,1,1,,0,0,0,Jan Vertonghen,Tottenham Hotspur,16921,33,DF
0,2,0,52,68.42,57,72.15,7,77.78,25,0,91.23,109,70.32,1975,24,10,1,23,0,0,0,0,10,1,0,0,0,0,54,0,988,2,0,0,53,57.61,41,129,11,1,2,0,0,0,1,0,,0,2,0,Phil Jones,Manchester United,93868,35,DF
2,4,0,68,68.69,80,56.74,2,66.67,43,0,89,148,61.67,2227,26,14,4,25,0,0,0,0,30,2,0,0,0,0,192,0,1553,7,1,20,111,66.87,54,134,14,1,9,2,2,22.22,1,2,,1,2,0,Laurent Koscielny,Arsenal,51340,42,DF
4,9,0,82,60.74,79,53.74,5,71.43,58,0,91.9,161,57.09,2968,22,28,1,34,0,0,0,0,19,6,0,0,0,0,325,1,2825,12,0,0,146,64.32,48,122,25,1,32,10,6,12.5,2,0,,3,0,0,Nicolás Otamendi,Manchester City,74915,17,DF
0,1,0,49,70,138,73.02,5,83.33,25,0,88.31,187,72.2,2253,21,14,5,26,0,0,0,0,21,7,0,0,0,0,122,4,1564,8,0,0,107,51.69,47,155,2,2,27,6,5,0,0,0,,0,2,0,Virgil van Dijk,Liverpool,151545,44,DF
0,1,0,27,64.29,16,84.21,3,100,23,0,92.41,43,70.49,533,1,7,2,8,0,0,0,0,3,0,0,0,0,0,168,0,621,8,0,0,17,68,6,7,6,0,5,2,0,0,0,2,,0,0,0,Oleksandr Zinchenko,Manchester City,287643,17,DF
4,4,0,57,64.04,108,67.5,3,100,40,0,87.6,165,66.27,2535,14,24,2,29,0,0,0,0,22,2,0,0,0,0,38,0,996,2,0,0,44,43.14,63,159,12,0,13,6,3,30.77,0,2,,0,1,0,Chris Smalling,Manchester United,47741,35,DF
1,6,0,24,48,42,77.78,3,100,20,1,92.58,66,63.46,1396,1,18,2,17,0,0,0,0,10,2,0,0,0,0,121,1,1323,4,0,0,84,70.59,16,71,6,1,9,2,2,11.11,0,0,,0,1,0,Vincent Kompany,Manchester City,6019,17,DF
3,8,0,66,64.08,116,63.74,6,100,47,0,81.58,182,63.86,2388,14,20,2,28,0,0,0,0,24,8,0,0,0,0,59,0,722,1,0,0,75,47.17,66,213,15,3,23,10,2,13.04,2,1,,1,0,0,James Tomkins,Crystal Palace,32124,7,DF
0,5,0,61,67.03,117,60,3,100,33,0,76.38,178,62.24,2610,29,14,3,29,0,0,0,0,25,2,0,0,0,0,74,0,818,6,0,0,113,47.28,33,208,13,2,25,8,4,0,0,3,,1,0,0,Ben Mee,Burnley,137774,6,DF
0,5,0,78,60.47,147,70.33,11,84.62,46,0,72.94,225,66.57,2790,24,25,7,31,0,0,0,0,29,1,0,0,0,0,81,1,798,7,2,50,119,42.81,50,219,21,1,18,5,3,0,0,3,,0,2,0,James Tarkowski,Burnley,145188,6,DF
1,2,0,44,47.83,15,60,9,52.94,31,5,87.05,59,50.43,1943,4,15,12,22,0,0,0,0,16,2,0,0,0,0,396,8,1237,24,11,12.5,41,41.84,26,49,14,0,12,2,3,8.33,0,5,,0,0,0,Andrew Robertson,Liverpool,262911,44,DF
0,6,1,103,69.59,155,62,2,100,83,1,81.35,258,64.82,3266,21,30,1,37,0,0,0,0,47,6,0,0,0,0,80,3,1130,9,0,0,94,48.21,75,265,18,1,10,0,2,0,1,1,,0,1,0,Christopher Schindler,Huddersfield Town,96905,59,DF
7,6,0,97,53.89,61,53.04,17,51.52,51,2,79.44,158,53.56,2860,31,26,24,33,0,0,0,0,28,2,0,0,0,0,340,4,1070,34,18,18.75,39,34.82,47,60,21,1,65,23,19,10.77,0,8,,1,0,0,Marcos Alonso,Chelsea,69408,38,DF
0,8,0,55,56.7,197,67.7,6,85.71,31,1,76.6,252,64.95,3294,25,34,2,37,0,0,0,0,49,3,0,0,0,0,64,2,1041,8,2,66.67,135,45.45,50,327,13,2,28,5,5,0,1,7,,1,4,0,Shane Duffy,Brighton & Hove Albion,55570,30,DF
1,7,0,92,57.14,120,62.5,10,76.92,67,1,78.28,212,60.06,3420,17,36,8,38,0,0,0,0,51,3,0,0,0,0,100,1,1171,11,2,28.57,164,45.68,71,222,23,3,27,9,9,3.7,0,0,,0,2,0,Lewis Dunk,Brighton & Hove Albion,115365,30,DF
3,2,0,61,62.89,16,72.73,8,61.54,43,2,89.92,77,64.71,1341,10,12,4,23,0,0,0,0,9,2,0,0,0,0,232,0,999,6,3,12.5,33,47.14,19,28,16,0,19,7,2,15.79,1,0,,0,0,0,Danilo,Manchester City,124992,17,DF
0,1,0,15,51.72,24,72.73,3,100,8,0,92.48,39,62.9,807,4,10,0,9,0,0,0,0,3,2,0,0,0,0,83,0,750,2,1,50,42,66.67,11,26,5,0,3,0,3,0,0,0,,0,0,0,Aymeric Laporte,Manchester City,149734,17,DF
3,6,0,76,58.02,122,62.24,1,50,64,1,86.16,198,60.55,2274,12,26,4,27,0,0,0,0,29,1,0,0,0,0,142,3,1494,8,3,25,73,41.95,57,171,26,0,13,6,3,23.08,0,2,,2,0,1,Shkodran Mustafi,Arsenal,89894,42,DF
0,0,0,11,45.83,8,57.14,1,50,6,0,85.27,19,50,361,4,4,3,7,0,0,0,0,0,0,0,0,0,0,57,1,191,4,9,34.62,11,50,7,12,5,0,3,0,1,0,0,0,,0,0,0,Daley Blind,Manchester United,44864,35,DF
3,7,0,106,53,22,46.81,29,60.42,57,1,85.33,128,51.82,2742,20,38,19,31,0,0,0,0,20,2,0,0,0,0,408,1,1367,23,14,17.72,75,44.38,48,60,20,0,16,3,9,18.75,0,4,,0,0,0,Antonio Valencia,Manchester United,11820,35,DF
1,1,0,92,65.71,108,77.7,22,81.48,49,0,78.08,200,71.68,2888,21,19,17,34,0,0,0,0,46,4,0,0,0,0,112,0,798,6,1,9.09,85,47.75,61,230,7,0,20,8,5,5,0,1,,0,2,0,Kurt Zouma,Stoke City,139227,29,DF
1,1,0,51,67.11,80,58.82,0,0,32,2,71.45,131,61.79,1440,21,15,2,16,0,0,0,0,18,3,0,0,0,0,33,3,388,6,0,0,61,48.8,19,125,10,2,10,2,5,10,1,1,,1,0,0,Kevin Long,Burnley,96116,6,DF
5,3,0,77,57.89,62,49.6,6,54.55,54,2,89.53,139,53.88,2242,17,19,6,28,0,0,0,0,28,1,0,0,0,0,271,4,1539,13,6,19.35,45,45.45,56,74,27,0,22,8,5,22.73,1,2,,1,1,0,Nacho Monreal,Arsenal,17088,42,DF
2,7,0,117,54.17,19,47.5,29,55.77,53,4,79.53,136,53.13,2445,35,29,18,30,0,0,0,0,23,3,0,0,0,0,326,5,1022,26,34,28.1,95,43.78,57,72,29,0,18,4,10,11.11,1,1,,0,1,0,Ashley Young,Manchester United,10589,35,DF
2,4,0,32,56.14,104,63.41,0,0,26,1,88.46,136,61.54,2125,6,15,0,29,0,0,0,0,22,2,0,0,0,0,111,1,1595,6,2,50,91,48.4,38,142,10,1,14,4,4,14.29,0,1,,1,1,0,Dejan Lovren,Liverpool,39480,44,DF
1,2,0,30,57.69,17,68,4,100,17,0,86.15,47,61.04,1000,9,10,5,13,0,0,0,0,6,0,0,0,0,0,20,0,367,2,0,0,18,38.3,25,56,7,0,3,1,1,33.33,0,0,,0,1,0,Eric Bailly,Manchester United,606346,35,DF
0,0,0,42,79.25,56,65.88,5,100,26,0,93.4,98,71.01,2070,13,8,1,27,0,0,0,0,21,2,0,0,0,0,82,0,1260,4,0,0,62,70.45,38,104,5,1,12,1,2,0,2,1,,1,4,0,Andreas Christensen,Chelsea,186795,38,DF
1,3,0,47,55.95,57,73.08,3,75,35,0,88.7,104,64.2,1995,10,19,5,25,0,0,0,0,25,2,0,0,0,0,120,1,1468,5,0,0,91,51.12,35,96,12,2,11,2,2,9.09,1,1,,1,0,0,Joël Matip,Liverpool,51501,44,DF
1,3,0,58,53.21,5,22.73,20,62.5,37,1,77.34,63,48.09,1575,1,12,13,19,0,0,0,0,16,2,0,0,0,0,191,3,778,25,17,16.67,75,42.86,28,39,14,1,12,5,1,8.33,0,3,,0,1,0,Trent Alexander-Arnold,Liverpool,795064,44,DF
0,0,0,17,60.71,21,52.5,1,100,11,1,80.69,38,55.88,690,5,6,1,8,0,0,0,0,10,1,0,0,0,0,49,1,280,4,2,66.67,30,47.62,14,36,4,0,8,1,2,0,0,0,,0,1,0,José Fonte,West Ham United,27622,37,DF
0,2,1,91,61.07,70,67.96,26,68.42,47,6,87.76,161,63.89,2787,19,17,18,32,0,0,0,0,17,5,0,0,0,0,615,6,2073,30,5,8.93,87,51.18,29,67,13,1,13,1,3,0,0,2,,0,2,0,Kyle Walker,Manchester City,44614,17,DF
0,0,0,49,70,28,68.29,7,70,33,0,71.52,77,69.37,1047,10,5,5,13,0,0,0,0,12,2,0,0,0,0,61,0,221,3,2,20,12,27.91,32,64,8,0,2,0,0,0,0,0,,0,0,0,Terence Kongolo,Huddersfield Town,138837,59,DF
2,7,0,143,66.51,119,65.38,51,86.44,62,4,78.29,262,65.99,3420,30,34,18,38,0,0,0,0,48,12,0,0,0,0,203,5,1363,18,2,13.33,173,50.88,48,176,17,3,30,8,7,6.67,2,4,,0,1,0,Harry Maguire,Leicester City,149380,31,DF
0,1,0,59,65.56,10,38.46,6,66.67,35,0,84.38,69,59.48,1264,19,8,4,16,0,0,0,0,18,1,0,0,0,0,146,0,659,15,10,19.61,35,43.21,12,39,16,0,12,2,7,0,0,0,,0,0,0,Alberto Moreno,Liverpool,229740,44,DF
0,2,0,32,62.75,17,47.22,6,60,18,0,84.91,49,56.32,788,8,4,4,11,0,0,0,0,1,1,0,0,0,0,127,0,405,9,0,0,8,33.33,4,19,7,0,12,5,5,0,1,0,,0,1,0,Luke Shaw,Manchester United,190839,35,DF
0,4,0,80,55.17,83,57.24,13,86.67,61,2,86.25,163,56.21,2827,8,23,17,34,0,0,0,0,26,4,0,0,0,0,351,3,1939,15,5,19.23,164,62.84,48,82,25,1,32,7,9,0,1,1,,2,5,0,Eric Dier,Tottenham Hotspur,146101,33,DF
3,5,0,48,63.16,126,67.74,5,83.33,31,0,77.05,174,66.41,2928,12,16,8,33,0,0,0,0,28,3,0,0,0,0,85,0,913,6,0,0,79,38.73,28,229,7,1,12,8,0,25,0,0,,0,1,0,Jamaal Lascelles,Newcastle United,153444,39,DF
2,5,0,52,56.52,136,67,1,50,37,1,75.72,188,63.73,2766,19,22,7,34,0,0,0,0,46,7,0,0,0,0,85,1,1001,5,0,0,105,40.86,54,225,10,2,22,6,4,9.09,1,1,,3,1,0,Steve Cook,Bournemouth,42707,60,DF
0,1,1,65,57.02,73,54.07,9,100,38,0,89.45,138,55.42,2535,18,25,3,31,0,0,0,0,19,2,0,0,0,0,72,0,1670,4,1,33.33,121,55.5,38,159,22,1,9,1,3,0,0,0,,0,0,0,Davinson Sánchez,Tottenham Hotspur,566102,33,DF
0,0,0,13,52,2,33.33,4,50,5,2,82.47,15,48.39,188,4,1,5,3,0,0,0,0,3,1,0,0,0,0,27,2,80,3,2,22.22,3,75,3,6,2,0,0,0,0,0,0,0,,0,0,0,Kyle Walker-Peters,Tottenham Hotspur,823085,33,DF
0,0,0,21,55.26,33,75,4,100,15,0,95.83,54,65.85,1306,2,6,5,18,0,0,0,0,9,2,0,0,0,0,66,0,1194,0,0,0,61,71.76,19,41,7,2,11,4,1,0,1,0,,0,0,0,John Stones,Manchester City,152077,17,DF
0,3,0,89,63.57,32,50.79,23,88.46,56,2,84.38,121,59.61,1901,10,15,13,23,0,0,0,0,20,1,0,0,0,0,247,2,1129,17,10,22.22,49,45.79,36,47,21,1,5,0,2,0,0,1,,0,1,0,Joe Gomez,Liverpool,318927,44,DF
2,4,0,52,46.43,59,60.2,8,80,31,1,89.47,111,52.86,2336,14,26,17,27,0,0,0,0,20,2,0,0,0,0,154,1,1529,3,0,0,102,58.62,24,101,16,2,16,4,5,12.5,0,2,,0,1,0,Antonio Rüdiger,Chelsea,142622,38,DF
1,0,0,28,65.12,39,50.65,4,80,14,0,90.73,67,55.83,1449,12,7,2,19,0,0,0,0,13,2,0,0,0,0,86,0,1086,4,0,0,53,54.08,15,82,6,0,1,1,0,100,0,0,,0,1,0,Ragnar Klavan,Liverpool,10122,44,DF
0,3,0,57,60,82,61.65,12,92.31,32,2,76.77,139,60.96,2104,14,17,4,24,0,0,0,0,31,1,0,0,0,0,93,2,823,8,0,0,108,43.37,46,145,16,0,13,3,4,0,0,2,,0,0,1,Florian Lejeune,Newcastle United,88528,39,DF
2,4,0,89,59.73,103,55.08,22,75.86,58,0,73.02,192,57.14,3387,12,24,7,38,0,0,0,0,46,9,0,0,0,0,92,0,866,7,3,30,135,47.04,60,272,24,2,14,4,0,14.29,0,2,,1,1,0,Ahmed Hegazy,West Bromwich Albion,159653,8,DF
0,1,0,81,55.1,34,53.97,11,64.71,55,3,68.89,115,54.76,2295,18,19,10,26,0,0,0,0,24,2,0,0,0,0,157,3,567,14,15,21.13,72,36.73,39,109,32,0,4,1,1,0,0,1,,0,2,0,Matthew Lowton,Burnley,67507,6,DF
5,7,0,82,58.57,7,58.33,25,83.33,47,1,77.16,89,58.55,2185,10,18,18,28,0,0,0,0,32,6,0,0,0,0,207,3,679,18,13,23.21,39,36.11,47,56,18,2,33,11,9,15.15,0,3,,0,2,0,Patrick van Aanholt,Crystal Palace,74577,7,DF
1,2,0,53,60.92,154,66.67,3,100,36,1,67.32,207,65.09,2372,18,26,1,27,0,0,0,0,38,2,0,0,0,0,50,0,447,2,0,0,57,44.88,39,215,12,4,24,8,2,4.17,1,4,,1,0,0,Ryan Shawcross,Stoke City,27314,29,DF
0,7,0,100,66.67,60,53.57,25,92.59,60,1,78.91,160,61.07,2520,15,22,5,28,0,0,0,0,31,11,0,0,0,0,138,1,1044,9,1,16.67,142,46.86,40,172,24,4,15,2,3,0,2,0,,2,0,0,Wesley Hoedt,Southampton,336813,45,DF
2,1,0,50,64.1,14,41.18,8,57.14,25,3,80.11,64,57.14,1910,17,7,10,22,0,0,0,0,28,6,0,0,0,0,185,4,604,24,21,28,28,36.36,25,47,5,1,7,4,1,28.57,0,1,,0,0,0,Leighton Baines,Everton,9766,48,DF
1,3,0,18,56.25,47,58.02,1,100,15,0,72.75,65,57.52,1050,2,13,0,13,0,0,0,0,18,1,0,0,0,0,36,1,283,2,0,0,41,40.2,16,118,3,1,4,1,0,25,0,0,,1,0,0,James Collins,West Ham United,9729,37,DF
0,0,0,12,75,1,33.33,3,100,6,0,72.5,13,68.42,167,3,1,1,2,0,0,0,0,5,1,0,0,0,0,11,1,58,2,3,37.5,6,31.58,3,6,2,0,0,0,0,0,0,0,,0,1,0,Matt Targett,Southampton,368134,45,DF
0,0,0,3,60,8,72.73,0,0,3,0,68.42,11,68.75,151,0,1,0,2,0,0,0,0,3,0,0,0,0,0,9,0,52,0,0,0,10,45.45,2,15,0,0,0,0,0,0,0,0,,0,0,0,Younès Kaboul,Watford,1018,24,DF
2,3,0,65,60.19,122,62.24,24,88.89,32,1,81.12,187,61.51,3420,11,19,14,38,0,0,0,0,48,8,0,0,0,0,112,1,1414,5,1,50,189,54.94,37,222,11,3,20,6,3,10,0,1,,1,4,0,Alfie Mawson,Swansea City,313442,74,DF
1,1,0,34,68,41,53.95,6,75,21,2,85.54,75,59.52,1600,9,3,4,19,0,0,0,0,18,5,0,0,0,0,29,2,633,2,0,0,28,45.16,30,99,7,2,3,1,1,33.33,1,0,,1,2,0,Mamadou Sakho,Crystal Palace,21134,7,DF
2,2,1,42,55.26,66,63.46,2,100,27,0,84.18,108,60,2051,15,19,9,24,0,0,0,0,23,8,0,0,0,0,58,1,894,5,1,50,62,40,41,129,7,3,19,4,4,10.53,1,0,,0,2,0,Maya Yoshida,Southampton,24248,45,DF
1,4,1,34,54.84,17,51.52,3,60,18,0,85.37,51,53.68,839,15,12,4,10,0,0,0,0,13,0,0,0,0,0,48,0,420,1,0,0,40,52.63,24,41,10,0,11,4,2,9.09,0,0,,0,2,0,David Luiz,Chelsea,21300,38,DF
2,5,0,80,62.02,105,53.3,9,90,53,3,83.88,185,56.75,3353,19,27,6,38,0,0,0,0,52,7,0,0,0,0,117,2,1332,9,1,20,87,52.41,48,229,18,3,18,8,2,11.11,1,2,,0,2,0,Nathan Aké,Bournemouth,149663,60,DF
0,3,0,26,61.9,14,32.56,6,85.71,19,0,85.79,40,47.06,1177,1,8,0,14,0,0,0,0,11,2,0,0,0,0,141,0,785,3,2,28.57,111,57.81,4,50,7,0,10,1,1,0,0,0,,0,0,0,Toby Alderweireld,Tottenham Hotspur,44575,33,DF
0,2,0,4,44.44,14,77.78,0,0,3,0,80.87,18,66.67,234,1,5,1,5,0,0,0,0,4,0,0,0,0,0,10,0,93,2,0,0,7,38.89,4,21,0,0,2,0,0,0,0,0,,0,0,0,Kyle Bartley,Swansea City,40671,74,DF
0,1,0,71,55.91,23,39.66,2,50,61,2,77.95,94,50.81,1831,9,26,9,21,0,0,0,0,24,6,0,0,0,0,132,2,608,13,15,33.33,44,36.67,42,117,19,0,2,1,0,0,0,2,,0,2,0,Cuco Martina,Everton,73763,48,DF
1,5,0,62,59.62,72,53.33,1,25,40,1,82.31,134,56.07,2677,21,29,4,30,0,0,0,0,37,7,0,0,0,0,78,1,996,6,1,25,93,48.69,38,198,10,1,8,4,2,12.5,0,2,,0,1,0,Federico Fernández,Swansea City,38393,74,DF
0,2,0,9,32.14,5,55.56,3,37.5,5,1,85.64,14,37.84,361,1,6,6,7,0,0,0,0,0,1,0,0,0,0,65,1,161,9,8,20.51,2,40,8,8,2,0,5,1,1,0,0,0,,0,0,0,Benjamin Mendy,Manchester City,139225,17,DF
0,1,0,10,71.43,10,62.5,1,50,8,0,77.3,20,66.67,495,1,2,0,7,0,0,0,0,6,0,0,0,0,0,9,0,143,0,0,0,24,47.06,3,38,1,0,2,1,0,0,0,0,,0,0,0,Craig Cathcart,Watford,22200,24,DF
2,6,0,65,50.39,117,63.24,7,58.33,38,0,69.58,182,57.96,2509,22,35,8,28,0,0,0,0,33,6,0,0,0,0,127,1,629,10,14,33.33,61,32.45,52,134,23,2,16,4,5,12.5,0,4,,0,0,0,Craig Dawson,West Bromwich Albion,50027,8,DF
0,8,1,75,57.25,143,65.9,11,64.71,49,1,73.62,218,62.64,2707,15,24,10,32,0,0,0,0,42,5,0,0,0,0,229,1,1183,27,24,30.77,125,41.81,49,176,19,0,13,1,6,0,0,1,,2,2,0,Simon Francis,Bournemouth,15152,60,DF
2,5,0,61,56.48,103,69.13,3,100,42,0,74.75,164,63.81,2332,16,31,3,28,0,0,0,0,37,6,0,0,0,0,62,0,675,3,0,0,64,38.32,34,173,15,0,10,5,0,20,0,0,,0,0,0,Christian Kabasele,Watford,58351,24,DF
1,4,0,55,59.78,57,55.88,9,69.23,30,0,76.25,112,57.73,1949,18,22,5,24,0,0,0,0,23,4,0,0,0,0,53,2,655,5,3,37.5,74,38.34,39,122,8,1,10,5,3,10,0,0,,0,0,0,Mike van der Hoorn,Swansea City,152414,74,DF
0,0,0,52,61.18,15,57.69,25,69.44,14,1,73.31,67,60.36,1035,13,3,14,12,0,0,0,0,10,2,0,0,0,0,93,1,261,7,4,14.29,10,23.81,12,24,5,3,5,2,0,0,1,0,,1,1,0,Séamus Coleman,Everton,76632,48,DF
0,1,0,29,64.44,22,46.81,4,80,17,0,90.81,51,55.43,1284,9,10,2,17,0,0,0,0,12,2,0,0,0,0,60,1,682,2,0,0,30,57.69,13,64,5,0,1,0,1,0,0,0,,1,0,0,Victor Lindelöf,Manchester United,143334,35,DF
1,1,0,68,61.82,58,68.24,5,62.5,39,1,69.01,126,64.62,2462,29,11,6,28,0,0,0,0,26,1,0,0,0,0,175,2,637,16,15,18.29,69,32.86,42,102,22,0,6,1,1,16.67,0,3,,0,0,0,Stephen Ward,Burnley,20752,6,DF
0,3,0,49,51.58,128,59.53,7,100,33,1,77.77,177,57.1,2560,10,21,3,30,0,0,0,0,39,7,0,0,0,0,95,2,899,4,1,25,96,44.04,53,206,24,1,15,1,2,0,0,4,,0,0,0,Michael Keane,Everton,110846,48,DF
1,2,0,82,68.91,10,38.46,25,78.13,36,1,83.25,92,63.45,1714,21,7,13,23,0,0,0,0,29,5,0,0,0,0,204,3,661,18,15,25,28,39.44,34,30,13,0,9,3,2,11.11,0,2,,0,1,0,Kiko Femenía,Watford,53739,24,DF
0,2,0,47,65.28,67,61.47,1,50,33,0,75.88,114,62.98,2065,15,8,4,25,0,0,0,0,34,5,0,0,0,0,78,0,733,1,0,0,110,44.9,39,176,13,1,7,2,2,0,0,0,,0,1,0,Phil Jagielka,Everton,10507,48,DF
0,7,0,91,45.96,45,56.25,23,48.94,51,4,68.37,136,48.92,2381,18,37,22,28,0,0,0,0,43,4,0,0,0,0,181,6,655,39,44,20.95,55,33.54,29,81,26,0,17,3,7,0,0,1,,1,1,0,José Holebas,Watford,16779,24,DF
0,4,0,71,57.26,33,56.9,8,57.14,34,1,71.87,104,57.14,1616,29,25,10,19,0,0,0,0,19,6,0,0,0,0,139,1,488,8,10,21.74,40,31.5,29,60,12,0,5,1,1,0,0,1,,0,0,0,Joel Ward,Crystal Palace,39183,7,DF
0,3,0,42,60.87,33,44.59,8,66.67,23,0,67.37,75,52.45,1183,12,12,3,15,0,0,0,0,11,3,0,0,0,0,67,1,320,7,3,25,44,36.36,23,82,11,1,6,2,1,0,1,1,,1,1,0,Mason Holgate,Everton,781544,48,DF
0,5,0,36,47.37,29,51.79,3,60,17,0,67.46,65,49.24,1125,19,22,9,13,0,0,0,0,12,1,0,0,0,0,84,0,282,5,7,36.84,29,33.33,22,66,7,0,2,2,0,0,0,0,,0,0,0,Phil Bardsley,Burnley,768,6,DF
0,1,1,48,61.54,93,75,4,100,29,0,89.02,141,69.8,2084,17,17,3,27,0,0,0,0,23,1,0,0,0,0,106,0,1184,3,0,0,47,48.96,27,123,11,0,10,3,2,0,0,0,,1,0,0,Gary Cahill,Chelsea,9628,38,DF
1,7,0,54,49.09,57,54.29,5,35.71,34,7,77.14,111,51.63,3071,15,20,20,36,0,0,0,0,52,8,0,0,0,0,275,5,1002,35,35,17.86,98,40.33,44,110,11,0,21,6,6,4.76,2,3,,0,1,1,Aaron Cresswell,West Ham United,43443,37,DF
0,1,0,38,63.33,55,61.11,0,0,28,0,69.45,93,62,1603,11,8,2,20,0,0,0,0,18,0,0,0,0,0,95,0,416,7,3,13.64,39,38.24,23,92,13,0,4,0,1,0,0,0,,1,0,1,Paul Dummett,Newcastle United,185995,39,DF
0,3,0,53,57.61,28,56,15,75,30,0,82.01,81,57.04,2017,8,19,8,25,0,0,0,0,23,0,0,0,0,0,148,0,798,9,7,17.07,63,45.32,38,60,8,0,2,1,0,0,0,0,,0,0,0,Bruno Saltor,Brighton & Hove Albion,27839,30,DF
2,3,0,71,48.63,47,59.49,12,54.55,49,4,80.13,118,52.44,2152,10,32,16,27,0,0,0,0,29,1,0,0,0,0,316,6,1016,19,6,14.29,25,37.31,26,53,19,3,21,7,7,9.52,1,1,,0,0,0,Sead Kolašinac,Arsenal,142148,42,DF
1,3,0,55,66.27,80,52.29,9,81.82,30,0,79.76,135,57.2,2880,17,15,4,32,0,0,0,0,52,8,0,0,0,0,60,1,808,7,2,100,90,48.39,58,191,10,1,8,2,3,12.5,0,0,,0,1,0,Angelo Ogbonna,West Ham United,21164,37,DF
1,3,1,29,48.33,52,55.32,2,100,23,0,80.74,81,52.6,1832,4,25,1,24,0,0,0,0,23,8,0,0,0,0,46,0,591,3,0,0,53,40.15,36,170,9,1,13,3,2,7.69,0,3,,1,2,0,Ashley Williams,Everton,20204,48,DF
0,1,0,29,52.73,28,48.28,7,70,17,0,83.33,57,50.44,869,5,10,6,12,0,0,0,0,14,0,0,0,0,0,54,0,500,2,1,14.29,31,47.69,18,44,9,2,10,3,3,0,0,0,,0,0,0,Calum Chambers,Arsenal,227942,42,DF
0,5,0,107,49.31,53,54.08,10,55.56,71,1,71.63,160,50.79,2720,29,58,19,31,0,0,0,0,46,4,0,0,0,0,184,3,717,14,13,20.31,53,35.33,61,106,27,0,3,1,0,0,0,2,,1,4,0,Erik Pieters,Stoke City,17063,29,DF
2,7,0,66,56.9,54,61.36,10,100,29,2,80.02,120,58.82,2273,27,26,6,28,0,0,0,0,33,5,0,0,0,0,91,1,769,8,2,50,80,48.78,48,126,19,0,10,5,3,20,0,0,,0,1,0,Jonny Evans,West Bromwich Albion,30144,8,DF
0,1,0,54,50,61,62.24,9,60,41,1,74.11,115,55.83,1918,4,12,10,25,0,0,0,0,29,6,0,0,0,0,168,0,664,19,10,14.08,56,41.48,58,70,26,1,11,0,4,0,0,0,,0,0,1,Christian Fuchs,Leicester City,1262,31,DF
0,2,0,98,54.14,44,45.83,17,45.95,49,4,78.87,142,51.26,3136,33,32,21,35,0,0,0,0,36,13,0,0,0,0,415,3,1168,36,25,18.38,40,31.75,44,60,12,4,20,3,7,0,2,1,,0,0,0,Ryan Bertrand,Southampton,20756,45,DF
0,2,0,17,53.13,13,59.09,1,100,13,0,85.21,30,55.56,767,3,7,2,11,0,0,0,0,11,3,0,0,0,0,24,0,288,0,0,0,32,59.26,16,42,6,0,1,0,1,0,0,0,,0,0,0,Aleksandar Dragović,Leicester City,37313,31,DF
1,0,0,76,59.84,46,51.11,13,56.52,48,3,78.74,122,56.22,3004,18,7,16,35,0,0,0,0,44,6,0,0,0,0,371,4,1233,29,12,11.32,59,37.34,31,93,19,0,20,6,6,5,0,0,,0,0,0,Charlie Daniels,Bournemouth,21501,60,DF
2,3,0,39,56.52,41,52.56,4,80,25,1,71.67,80,54.42,1745,13,17,2,20,0,0,0,0,26,4,0,0,0,0,61,2,501,4,0,0,61,36.53,17,140,10,1,11,3,2,18.18,0,0,,0,1,0,Ciaran Clark,Newcastle United,45680,39,DF
0,0,0,13,100,3,37.5,0,0,6,0,80,16,76.19,268,7,0,0,4,0,0,0,0,3,1,0,0,0,0,39,0,108,0,0,0,5,29.41,3,6,0,0,0,0,0,0,0,0,,0,0,0,Connor Roberts,Swansea City,804613,74,DF
2,6,1,57,60.64,45,56.96,17,68,29,0,75.54,102,58.96,1979,11,13,5,22,0,0,0,0,26,7,0,0,0,0,68,0,701,4,2,22.22,46,27.06,41,105,12,2,11,4,3,18.18,0,2,,0,2,0,Jack Stephens,Southampton,134361,45,DF
3,3,0,59,47.58,27,61.36,10,45.45,46,0,75.91,86,51.19,1822,4,14,9,23,0,0,0,0,35,2,0,0,0,0,190,2,583,12,16,23.53,54,44.63,33,53,30,1,24,10,5,12.5,1,1,,0,0,0,Daryl Janmaat,Watford,32213,24,DF
0,0,0,2,22.22,0,0,0,0,2,1,74.07,2,20,76,0,2,1,1,0,0,0,0,1,0,0,0,0,0,6,1,40,2,1,100,3,50,0,3,4,0,0,0,0,0,0,0,,0,0,0,Lasse Sørensen,Stoke City,826063,29,DF
0,4,0,50,53.19,8,61.54,11,37.93,15,1,81.48,58,54.21,801,24,12,8,10,0,0,0,0,12,2,0,0,0,0,104,0,308,10,11,19.3,20,50,9,10,7,1,7,1,3,0,0,0,,0,0,0,Danny Rose,Tottenham Hotspur,16586,33,DF
0,0,0,2,66.67,0,0,0,0,2,0,0,2,66.67,4,0,1,0,1,0,0,0,0,0,0,0,0,0,0,0,0,0,0,0,0,0,0,0,0,0,0,0,0,0,0,0,0,,0,0,0,Reece Oxford,West Ham United,788768,37,DF
0,0,0,19,63.33,3,60,2,100,12,0,77.66,22,62.86,334,5,4,4,5,0,0,0,0,6,0,0,0,0,0,12,0,73,2,0,0,4,30.77,5,11,3,0,4,0,2,0,0,1,,0,0,0,Konstantinos Stafylidis,Stoke City,110850,29,DF
0,0,0,28,62.22,19,52.78,8,72.73,16,0,71.83,47,58.02,672,4,5,3,9,0,0,0,0,10,1,0,0,0,0,24,1,153,4,4,57.14,9,30,15,41,7,0,0,0,0,0,0,0,,0,1,0,Chancel Mbemba,Newcastle United,238612,39,DF
2,5,0,89,44.5,35,37.23,25,54.35,57,3,84.85,124,42.18,3051,7,36,31,35,0,0,0,0,42,2,0,0,0,0,489,8,1563,34,10,15.63,33,44.59,23,71,27,3,29,8,10,6.9,1,4,,1,3,1,Héctor Bellerín,Arsenal,188365,42,DF
1,4,0,19,44.19,49,59.76,7,100,10,0,79.86,68,54.4,1435,3,12,2,17,0,0,0,0,20,6,0,0,0,0,46,1,452,5,0,0,47,43.52,23,97,10,2,19,5,3,5.26,0,2,,1,0,0,Scott Dann,Crystal Palace,20278,7,DF
1,0,0,5,62.5,23,76.67,0,0,2,0,91.5,28,73.68,365,4,2,1,6,0,0,0,0,6,1,0,0,0,0,8,0,226,0,0,0,7,50,6,21,1,0,2,2,0,50,0,0,,1,1,0,Per Mertesacker,Arsenal,369,42,DF
0,7,0,93,56.71,21,52.5,10,38.46,64,1,76.23,114,55.88,2308,20,20,20,29,0,0,0,0,32,8,0,0,0,0,118,2,574,15,23,26.14,37,29.13,27,83,15,0,3,0,1,0,0,0,,0,0,1,Allan Nyom,West Bromwich Albion,128637,8,DF
0,3,0,75,53.57,42,52.5,24,66.67,41,1,74.93,117,53.18,2830,11,22,18,33,0,0,0,0,38,6,0,0,0,0,191,3,759,23,19,25.68,39,30.95,48,83,14,0,9,1,4,0,0,1,,0,0,1,Kieran Gibbs,West Bromwich Albion,24814,8,DF
0,6,0,65,47.79,88,51.76,3,100,54,2,76.7,153,50,3420,9,45,0,38,0,0,0,0,52,6,0,0,0,0,135,1,1198,10,0,0,104,38.24,77,242,26,4,13,3,3,0,0,2,,1,4,0,Zanka,Huddersfield Town,26404,59,DF
0,1,0,12,57.14,13,61.9,2,66.67,9,0,59.52,25,59.52,247,1,4,0,5,0,0,0,0,6,1,0,0,0,0,20,0,50,2,3,30,3,17.65,9,13,5,1,4,0,2,0,0,1,,0,0,0,Sam Byram,West Ham United,254713,37,DF
0,2,0,51,53.68,38,55.07,6,37.5,41,1,68.48,89,54.27,1589,4,17,6,19,0,0,0,0,28,3,0,0,0,0,131,2,402,10,12,26.09,49,35.51,28,73,12,0,3,1,1,0,0,0,,0,0,0,Jonjoe Kenny,Everton,361310,48,DF
0,5,0,171,54.11,23,53.49,83,64.34,58,3,80.53,194,54.04,1871,30,30,37,27,0,0,0,0,23,6,0,0,0,0,161,3,550,18,14,14,28,43.08,26,33,33,0,9,3,3,0,0,2,,0,1,1,Arthur Masuaku,West Ham United,174975,37,DF
0,1,0,139,53.88,69,50.74,24,57.14,92,2,74.83,208,52.79,3033,24,31,28,34,0,0,0,0,43,7,0,0,0,0,322,0,1225,12,9,14.52,72,34.62,61,102,46,0,12,1,7,0,0,0,,0,4,0,Kyle Naughton,Swansea City,32821,74,DF
0,0,0,20,86.96,8,57.14,3,100,15,0,71.6,28,75.68,483,2,3,0,6,0,0,0,0,11,4,0,0,0,0,15,1,116,1,2,13.33,9,28.13,5,19,0,0,1,0,1,0,0,0,,0,0,0,Tom Edwards,Stoke City,869936,29,DF
0,3,0,28,51.85,28,58.33,5,62.5,19,0,84.58,56,54.9,820,5,9,6,12,0,0,0,0,17,0,0,0,0,0,47,0,510,2,0,0,30,46.88,21,39,8,0,1,0,1,0,0,0,,0,2,0,Rob Holding,Arsenal,793228,42,DF
0,1,1,89,57.05,67,52.34,31,60.78,36,2,74,156,54.93,1852,23,13,18,24,0,0,0,0,24,6,0,0,0,0,202,4,666,22,17,20,27,29.67,28,62,17,0,6,1,2,0,0,4,,1,2,1,Ben Chilwell,Leicester City,802695,31,DF
0,0,0,16,66.67,2,66.67,5,62.5,6,1,80.77,18,66.67,279,5,3,2,5,0,0,0,0,4,0,0,0,0,0,25,0,105,1,2,13.33,4,44.44,2,9,0,0,2,2,0,0,0,0,,0,0,0,Emerson Palmieri,Chelsea,155997,38,DF
0,5,0,25,47.17,44,63.77,0,0,11,0,81.79,69,56.56,1454,15,14,3,17,0,0,0,0,20,7,0,0,0,0,38,0,539,4,0,0,54,45,22,101,11,0,5,0,1,0,0,0,,0,0,0,Winston Reid,West Ham United,14120,37,DF
1,6,0,115,58.38,15,34.88,29,65.91,49,3,82.35,130,54.17,2069,39,23,17,27,0,0,0,0,34,4,0,0,0,0,213,1,751,22,10,28.57,31,43.06,31,56,29,0,13,3,1,7.69,0,1,,0,0,0,Adam Smith,Bournemouth,44566,60,DF
0,2,0,66,60,19,46.34,11,61.11,42,0,74.51,85,56.29,1594,13,18,6,21,0,0,0,0,23,6,0,0,0,0,99,0,456,6,4,23.53,32,27.35,31,66,13,0,8,0,2,0,0,0,,0,1,0,Timothy Fosu-Mensah,Crystal Palace,795260,7,DF
0,9,0,136,57.14,58,50.43,7,50,96,1,73.2,194,54.96,3291,34,33,13,37,0,0,0,0,52,10,0,0,0,0,204,0,844,17,13,18.31,53,35.57,61,124,50,0,6,1,1,0,0,1,,0,0,0,Pablo Zabaleta,West Ham United,11796,37,DF
0,3,0,36,59.02,23,65.71,8,44.44,16,0,66.87,59,61.46,949,12,7,3,11,0,0,0,0,10,2,0,0,0,0,32,0,218,4,6,23.08,14,19.72,15,39,5,0,0,0,0,0,0,0,,0,0,0,Charlie Taylor,Burnley,166381,6,DF
0,4,0,53,53,93,61.59,9,75,34,0,81.03,146,58.17,2818,12,31,9,32,0,0,0,0,41,11,0,0,0,0,44,0,739,5,0,0,45,46.39,31,143,6,3,13,3,1,0,0,1,,0,1,0,Wes Morgan,Leicester City,20375,31,DF
0,4,1,46,51.11,13,61.9,15,75,23,1,79.86,59,53.15,995,9,17,10,12,0,0,0,0,13,4,0,0,0,0,101,2,337,7,10,26.32,16,48.48,20,25,13,0,0,0,0,0,0,0,,0,0,0,Marvin Zeegelaar,Watford,74506,24,DF
0,5,0,28,50,45,61.64,0,0,22,0,78.17,73,56.59,1568,9,21,0,21,0,0,0,0,24,5,0,0,0,0,42,1,444,2,0,0,54,47.37,31,89,7,1,8,1,1,0,0,2,,0,1,0,Sebastian Prödl,Watford,15038,24,DF
0,2,0,66,56.41,30,52.63,16,55.17,38,0,70.6,96,55.17,2238,13,16,11,25,0,0,0,0,33,3,0,0,0,0,140,0,545,9,6,11.32,38,29.46,41,71,11,1,4,1,0,0,0,0,,1,0,0,Gaëtan Bong,Brighton & Hove Albion,14193,30,DF
0,3,0,77,50.66,39,43.33,13,56.52,57,1,74.16,116,47.93,1748,8,18,30,24,0,0,0,0,23,7,0,0,0,0,166,2,485,12,3,9.68,27,31.76,24,54,19,1,15,2,3,0,0,0,,0,0,0,Jeffrey Schlupp,Crystal Palace,148710,7,DF
0,3,0,48,48,15,40.54,16,57.14,23,1,66.72,63,45.99,1672,11,17,5,23,0,0,0,0,25,3,0,0,0,0,130,1,411,25,22,22.45,45,37.19,17,38,18,1,8,2,4,0,0,4,,0,0,0,Florent Hadergjonaj,Huddersfield Town,354860,59,DF
0,0,0,1,100,1,33.33,0,0,1,0,100,2,50,10,0,0,0,1,0,0,0,0,1,0,0,0,0,0,1,0,19,0,0,0,1,100,0,2,0,0,0,0,0,0,0,0,,0,0,0,Ethan Ampadu,Chelsea,847097,38,DF
0,1,0,50,52.63,6,30,20,80,25,0,85.26,56,48.7,908,5,10,14,15,0,0,0,0,15,1,0,0,0,0,133,1,457,8,5,25,22,56.41,12,22,17,0,5,0,1,0,1,0,,0,2,0,Ainsley Maitland-Niles,Arsenal,352768,42,DF
0,6,0,15,50,16,69.57,4,100,7,0,81.56,31,58.49,640,4,8,1,9,0,0,0,0,7,1,0,0,0,0,35,0,292,2,0,0,19,31.67,7,54,7,0,5,1,2,0,0,0,,0,2,0,Marcos Rojo,Manchester United,46998,35,DF
0,4,0,59,51.75,90,54.55,2,33.33,45,0,77,149,53.41,2208,16,32,2,28,0,0,0,0,38,5,0,0,0,0,71,0,740,4,0,0,54,38.57,45,129,20,0,10,2,2,0,0,0,,2,2,0,Adrian Mariappa,Watford,10597,24,DF
0,4,0,55,51.4,19,46.34,12,57.14,24,0,65.96,74,50,1308,20,19,9,15,0,0,0,0,17,1,0,0,0,0,46,1,188,14,11,27.5,23,46,12,40,16,0,3,1,2,0,0,1,,0,0,0,Moritz Bauer,Stoke City,157433,29,DF
0,1,0,56,53.85,12,50,5,62.5,43,0,72.54,68,53.13,1594,8,13,8,23,0,0,0,0,23,3,0,0,0,0,91,0,449,6,11,15.07,39,35.78,34,55,24,0,8,2,2,0,0,0,,1,2,1,Chris Löwe,Huddersfield Town,38547,59,DF
0,0,0,28,54.9,14,51.85,1,20,25,0,75.8,42,53.85,1178,2,5,2,14,0,0,0,0,18,0,0,0,0,0,92,0,332,6,5,11.11,40,38.46,12,37,12,0,3,0,2,0,0,0,,0,1,0,Markus Suttner,Brighton & Hove Albion,6948,30,DF
0,1,0,3,50,2,50,1,100,1,0,77.88,5,50,202,1,2,1,4,0,0,0,0,4,1,0,0,0,0,5,0,88,1,1,100,9,37.5,6,13,0,0,1,0,1,0,0,0,,0,1,0,Tyrone Mings,Bournemouth,303638,60,DF
1,1,0,7,50,7,29.17,0,0,6,0,75.27,14,36.84,427,1,3,1,5,0,0,0,0,4,1,0,0,0,0,13,0,137,0,0,0,8,22.86,5,27,3,0,1,1,0,100,0,0,,0,0,0,Jan Bednarek,Southampton,286085,45,DF
0,0,0,11,47.83,14,50,4,100,7,0,90.31,25,49.02,618,0,3,7,11,0,0,0,0,5,2,0,0,0,0,18,0,373,1,0,0,14,48.28,3,28,2,0,2,0,1,0,0,0,,1,0,0,Eliaquim Mangala,Everton,42892,48,DF
0,7,0,65,59.09,18,54.55,9,69.23,38,1,70.71,83,58.04,1908,18,20,9,24,0,0,0,0,28,3,0,0,0,0,158,2,560,15,12,18.75,43,27.56,26,72,13,0,8,2,2,0,0,3,,1,2,0,Tommy Smith,Huddersfield Town,305314,59,DF
0,2,0,55,52.38,39,54.93,14,63.64,34,0,72.33,94,53.41,1524,7,16,11,20,0,0,0,0,26,5,0,0,0,0,63,0,366,6,0,0,28,30.43,36,61,16,0,5,0,1,0,0,0,,0,0,0,Geoff Cameron,Stoke City,48988,29,DF
0,3,0,62,54.39,14,51.85,15,50,39,1,72.21,76,53.9,1115,9,19,11,22,0,0,0,0,20,3,0,0,0,0,122,0,356,10,3,6.52,41,42.27,26,38,7,2,8,2,2,0,0,0,,2,0,0,Scott Malone,Huddersfield Town,49736,59,DF
0,5,0,32,47.06,19,44.19,2,33.33,24,0,76.79,51,45.95,1321,6,20,1,17,0,0,0,0,28,4,0,0,0,0,57,0,387,3,0,0,44,44.44,30,78,11,0,1,0,1,0,0,0,,0,0,0,Kevin Wimmer,Stoke City,141203,29,DF
0,3,0,26,56.52,25,54.35,0,0,20,0,80.06,51,55.43,1246,6,12,0,17,0,0,0,0,24,3,0,0,0,0,34,0,281,3,3,75,27,49.09,21,76,8,0,4,1,1,0,0,1,,1,0,0,Bruno Martins Indi,Stoke City,116947,29,DF
2,8,0,93,43.87,54,48.21,18,72,50,1,77.21,147,45.37,1943,25,38,30,28,0,0,0,0,36,5,0,0,0,0,223,0,820,17,3,50,39,44.32,25,25,49,1,22,8,4,9.09,0,2,,0,0,0,Dan Gosling,Bournemouth,19343,60,DF
1,0,0,6,42.86,16,72.73,0,0,5,0,74.48,22,61.11,440,1,5,0,6,0,0,0,0,8,0,0,0,0,0,5,0,108,0,1,100,13,43.33,9,30,3,0,3,1,0,33.33,0,0,,0,0,0,Molla Wagué,Watford,163383,24,DF
0,1,0,3,25,3,50,0,0,3,0,79.81,6,33.33,174,0,4,2,3,0,0,0,0,1,0,0,0,0,0,28,0,83,1,1,14.29,5,71.43,0,3,1,0,2,1,1,0,0,0,,0,0,0,Nathaniel Clyne,Liverpool,43215,44,DF
0,0,0,4,50,2,66.67,0,0,4,0,72.31,6,54.55,163,0,1,0,3,0,0,0,0,3,0,0,0,0,0,14,0,47,0,0,0,3,33.33,4,7,3,0,2,0,0,0,0,0,,0,0,0,Liam Rosenior,Brighton & Hove Albion,693,30,DF
0,1,0,2,33.33,6,60,0,0,0,0,77.36,8,50,119,2,3,1,4,0,0,0,0,1,1,0,0,0,0,5,0,41,0,0,0,5,38.46,3,13,0,0,1,0,0,0,0,0,,0,0,0,Ramiro Funes Mori,Everton,252313,48,DF
0,2,0,60,49.18,22,53.66,12,50,36,1,75,82,50.31,1759,12,24,11,21,0,0,0,0,28,3,0,0,0,0,99,3,405,11,6,20,24,34.29,18,49,15,0,2,0,0,0,0,2,,0,0,0,Javier Manquillo,Newcastle United,210082,39,DF
0,1,0,25,53.19,27,42.86,2,66.67,19,0,74.05,52,47.27,1194,4,8,1,15,0,0,0,0,16,5,0,0,0,0,27,0,254,2,0,0,27,33.33,9,63,12,0,5,2,2,0,0,0,,1,2,0,Martin Kelly,Crystal Palace,39472,7,DF
0,1,0,3,37.5,10,71.43,0,0,2,0,73.49,13,59.09,199,2,2,0,3,0,0,0,0,5,0,0,0,0,0,7,0,61,0,0,0,11,47.83,1,8,3,1,3,1,1,0,0,0,,0,0,0,Connor Goldson,Brighton & Hove Albion,134364,30,DF
0,0,0,4,80,2,50,1,100,3,0,78.89,6,66.67,180,0,0,0,3,0,0,0,0,7,0,0,0,0,0,7,0,71,0,0,0,8,44.44,1,9,1,0,0,0,0,0,0,0,,0,0,0,Martin Cranie,Huddersfield Town,891,59,DF
1,3,1,23,58.97,27,58.7,2,50,15,0,80.67,50,58.82,798,6,8,1,12,0,0,0,0,14,2,0,0,0,0,46,2,313,3,1,20,37,54.41,12,44,5,0,4,2,0,25,0,0,,1,0,0,Miguel Britos,Watford,33302,24,DF
0,4,0,57,48.72,40,46.51,10,58.82,38,0,74.45,97,47.78,2313,10,21,11,28,0,0,0,0,33,8,0,0,0,0,123,0,673,4,7,30.43,51,32.08,34,94,23,0,3,1,0,0,0,0,,1,0,0,Danny Simpson,Leicester City,30502,31,DF
0,0,0,11,61.11,7,50,3,100,6,0,70.1,18,56.25,228,2,0,5,5,0,0,0,0,8,2,0,0,0,0,11,0,68,0,0,0,5,45.45,7,6,2,0,0,0,0,0,0,1,,0,0,0,Patrice Evra,West Ham United,3063,37,DF
0,0,0,11,64.71,15,60,1,100,8,0,64.8,26,61.9,456,2,2,0,9,0,0,0,0,11,4,0,0,0,0,17,0,81,0,1,100,16,40,11,15,4,0,0,0,0,0,0,0,,0,0,0,Gareth McAuley,West Bromwich Albion,13357,8,DF
0,3,0,46,51.69,27,58.7,15,60,20,0,75.6,73,54.07,1315,11,8,12,20,0,0,0,0,27,3,0,0,0,0,92,1,344,5,5,15.15,32,47.06,19,51,15,0,6,2,1,0,0,0,,0,2,0,Ezequiel Schelotto,Brighton & Hove Albion,76120,30,DF
0,7,0,69,46,47,58.02,11,40.74,34,1,73.51,116,50.22,3154,25,27,26,36,0,0,0,0,42,8,0,0,0,0,193,0,841,13,23,14.11,46,27.22,31,67,17,1,18,1,5,0,0,2,,0,0,0,Martin Olsson,Swansea City,27247,74,DF
0,3,0,15,40.54,6,85.71,3,75,7,0,66.49,21,47.73,550,5,6,6,9,0,0,0,0,12,2,0,0,0,0,36,0,125,4,2,25,20,44.44,10,22,9,0,2,1,1,0,0,0,,0,0,0,Glen Johnson,Stoke City,1204,29,DF
0,0,0,4,44.44,1,16.67,0,0,4,0,87.37,5,33.33,155,0,1,1,4,0,0,0,0,3,0,0,0,0,0,21,0,83,1,1,16.67,2,25,3,3,2,0,0,0,0,0,0,0,,0,0,0,Àngel Rangel,Swansea City,27463,74,DF
0,0,0,0,0,2,100,0,0,0,0,25,2,100,17,0,0,0,1,0,0,0,0,1,0,0,0,0,0,0,0,1,0,0,0,1,33.33,0,4,0,0,0,0,0,0,0,0,,0,0,0,Uwe Hünemeier,Brighton & Hove Albion,8944,30,DF
0,0,0,1,50,0,0,0,0,1,0,80,1,50,72,0,0,0,1,0,0,0,0,2,0,0,0,0,0,0,0,4,0,0,0,0,0,0,4,1,0,0,0,0,0,0,0,,0,0,0,Jack Simpson,Bournemouth,830250,60,DF
0,0,0,6,66.67,0,0,1,100,5,0,87.65,6,66.67,162,0,0,2,3,0,0,0,0,5,4,0,0,0,0,16,0,71,0,0,0,6,60,1,2,1,0,0,0,0,0,0,0,,0,0,0,Josh Tymon,Stoke City,830238,29,DF
0,1,0,0,0,1,100,0,0,0,0,88.89,1,33.33,32,0,2,0,2,0,0,0,0,1,0,0,0,0,0,1,0,8,0,0,0,0,0,1,5,0,0,0,0,0,0,0,0,,0,0,0,Michael Hefele,Huddersfield Town,127532,59,DF
0,0,0,3,100,0,0,1,100,2,0,78.95,3,42.86,95,0,0,0,2,0,0,0,0,5,0,0,0,0,0,2,0,30,0,0,0,3,37.5,3,7,0,0,0,0,0,0,0,0,,0,0,0,Damien Delaney,Crystal Palace,10038,7,DF
0,0,1,4,66.67,4,36.36,1,100,1,0,88.35,8,47.06,195,3,2,0,3,0,0,0,0,3,0,0,0,0,0,6,0,91,0,0,0,6,60,6,11,1,0,0,0,0,0,0,0,,0,1,0,Konstantinos Mavropanos,Arsenal,829022,42,DF
0,0,0,0,0,0,0,0,0,0,0,0,0,0,1,0,0,0,1,0,0,0,0,0,0,0,0,0,0,0,0,0,0,0,0,0,0,0,0,0,0,0,0,0,0,0,0,,0,0,0,Axel Tuanzebe,Manchester United,817979,35,DF
0,0,0,0,0,0,0,0,0,0,0,100,0,0,3,0,0,0,1,0,0,0,0,0,0,0,0,0,0,0,0,2,0,0,0,0,0,0,0,0,0,0,0,0,0,0,0,,0,0,0,Massadio Haïdara,Newcastle United,143344,39,DF
12,2,0,253,64.05,8,29.63,165,82.5,6,4,83.44,261,61.85,2432,82,13,77,34,0,0,0,0,25,2,0,0,0,0,743,9,1144,84,12,23.53,100,90.91,3,0,18,5,71,37,18,16.9,0,16,,0,0,0,Eden Hazard,Chelsea,27583,38,FW
21,2,0,82,46.07,10,34.48,56,66.67,9,6,82.8,92,44.44,1969,17,10,43,25,0,0,0,0,10,2,0,0,0,0,255,10,520,40,6,37.5,4,50,6,3,15,13,94,42,20,22.34,3,16,,0,0,0,Sergio Agüero,Manchester City,17094,17,FW
9,5,0,199,50.77,21,32.81,84,70,41,6,73.88,220,48.25,2553,75,31,83,31,0,0,0,0,28,4,0,0,0,0,626,10,1075,82,18,18.56,73,62.93,23,0,48,9,88,35,30,10.23,4,26,,0,0,5,Alexis Sánchez,Manchester United,34120,35,FW
30,5,0,102,40,60,43.48,47,48.96,17,2,71.23,162,41.22,3083,40,34,60,37,0,0,0,0,30,4,0,0,0,0,250,5,468,33,3,15,60,70.59,5,19,11,18,184,76,48,16.3,6,42,,0,0,0,Harry Kane,Tottenham Hotspur,108579,33,FW
18,3,1,140,44.16,8,25,64,53.78,19,11,84.02,148,42.41,2592,58,39,59,33,0,0,0,0,17,6,0,0,0,0,491,11,983,56,7,17.95,8,33.33,9,7,29,12,87,35,19,20.69,4,19,,0,0,1,Raheem Sterling,Manchester City,138534,17,FW
10,0,0,24,52.17,8,22.22,11,78.57,5,4,69.4,32,39.02,1058,8,1,12,13,0,0,0,0,15,0,0,0,0,0,89,1,220,14,2,12.5,5,38.46,3,7,6,6,31,19,7,32.26,0,10,,0,0,1,Pierre-Emerick Aubameyang,Arsenal,51498,42,FW
6,1,0,125,58.14,10,40,67,68.37,22,7,80.19,135,56.25,1883,36,10,34,36,0,0,0,0,17,2,0,0,0,0,427,8,741,62,22,22.22,39,62.9,10,9,16,3,54,25,14,11.11,2,5,,0,0,0,Willian,Chelsea,31417,38,FW
11,5,1,106,48.62,22,35.48,56,70,21,6,71.49,128,45.71,2322,29,35,42,31,0,0,0,0,41,7,0,0,0,0,245,8,489,35,8,13.11,10,31.25,13,32,12,8,71,33,17,15.49,5,43,,0,0,0,Marko Arnautović,West Ham United,21927,37,FW
16,4,0,57,34.55,109,52.15,35,61.4,7,7,68.38,166,44.39,2869,16,31,48,34,0,0,0,0,24,2,0,0,0,0,232,9,493,34,9,25,19,76,3,21,13,11,86,43,18,18.6,1,18,,1,1,1,Romelu Lukaku,Manchester United,78893,35,FW
2,3,0,189,52.5,4,23.53,84,69.42,60,7,78.59,193,51.19,3129,46,10,73,36,0,0,0,0,36,12,0,0,0,0,399,14,804,68,45,25.42,33,42.31,35,21,51,2,62,14,21,3.23,0,6,,0,0,2,Andros Townsend,Crystal Palace,47992,7,FW
14,1,0,85,43.15,29,32.22,33,73.33,24,4,76.73,114,39.72,2211,28,28,50,32,0,0,0,0,26,2,0,0,0,0,297,5,554,37,4,25,8,47.06,7,4,23,13,68,35,17,20.59,2,23,,0,0,1,Alexandre Lacazette,Arsenal,50070,42,FW
0,0,0,3,100,0,0,2,100,1,0,66.67,3,75,13,0,0,0,1,0,0,0,0,0,0,0,0,0,0,3,0,4,0,0,0,1,100,0,1,0,0,0,0,0,0,0,0,,0,0,0,Sullay Kaikai,Crystal Palace,536318,7,FW
20,3,0,65,44.52,76,38,24,42.11,15,1,60.48,141,40.75,3255,27,29,13,37,0,0,0,0,46,11,0,0,0,0,138,5,280,32,9,23.08,13,56.52,2,17,7,7,71,35,12,28.17,0,44,,0,0,0,Jamie Vardy,Leicester City,173827,31,FW
13,6,0,65,44.52,21,31.82,24,64.86,23,3,79.7,86,40.57,1671,18,28,26,29,0,0,0,0,8,4,0,0,0,0,190,4,471,21,0,0,11,73.33,8,6,19,13,56,33,9,23.21,3,15,,0,0,2,Gabriel Jesus,Manchester City,794839,17,FW
11,7,0,89,37.87,54,47.79,32,54.24,13,6,73.26,143,41.09,2067,44,41,62,31,0,0,0,0,18,1,0,0,0,0,206,4,422,35,1,5.26,25,67.57,6,20,20,17,79,34,16,13.92,1,29,,0,0,0,Álvaro Morata,Chelsea,125407,38,FW
4,1,0,71,52.99,0,0,33,64.71,20,2,83.18,71,46.71,1523,18,9,26,31,0,0,0,0,14,0,0,0,0,0,219,0,544,26,8,17.39,29,63.04,13,6,13,2,56,20,12,7.14,1,15,,0,1,0,Pedro,Chelsea,35428,38,FW
8,2,0,94,48.96,5,16.13,28,53.85,30,5,87.77,99,44.39,1823,36,34,19,33,0,0,0,0,16,2,0,0,0,0,335,4,818,26,8,17.39,19,79.17,9,10,22,7,56,23,15,14.29,3,4,,0,0,0,Jesse Lingard,Manchester United,205508,35,FW
6,4,0,149,50.34,8,15.69,54,85.71,45,3,74.8,157,45.24,2810,52,46,69,36,0,0,0,0,37,6,0,0,0,0,417,8,831,60,28,23.33,34,48.57,19,18,24,4,40,16,10,15,0,10,,1,0,1,Dušan Tadić,Southampton,38560,45,FW
5,0,0,21,29.58,31,31.63,4,50,6,0,70.34,52,30.77,991,11,25,12,14,0,0,0,0,12,1,0,0,0,0,98,2,185,15,2,28.57,8,80,2,11,10,2,19,8,3,26.32,0,9,,0,0,0,Cenk Tosun,Everton,72127,48,FW
12,0,0,100,41.84,3,18.75,58,57.43,17,6,85.15,103,40.39,2309,26,15,57,37,0,0,0,0,17,1,0,0,0,0,417,9,780,41,4,7.84,14,53.85,10,9,26,8,75,33,19,16,2,25,,0,0,2,Heung-min Son,Tottenham Hotspur,111505,33,FW
0,0,0,19,44.19,20,48.78,11,91.67,6,0,60.75,39,46.43,360,2,6,9,4,0,0,0,0,6,3,0,0,0,0,31,0,65,6,0,0,3,42.86,2,5,8,1,7,3,1,0,1,3,,0,0,0,Alexander Sørloth,Crystal Palace,309078,7,FW
5,3,0,127,47.04,60,44.78,61,57.01,42,5,73.01,187,46.29,2247,24,21,55,30,0,0,0,0,39,6,0,0,0,0,176,5,468,20,4,11.43,17,51.52,23,25,23,4,60,20,15,8.33,1,14,,0,1,0,Eric Maxim Choupo-Moting,Stoke City,21626,29,FW
2,0,0,23,60.53,3,33.33,13,81.25,0,1,79.11,26,55.32,547,10,1,11,15,0,0,0,0,6,2,0,0,0,0,65,1,125,16,1,25,5,100,0,1,1,1,24,8,7,8.33,0,3,,0,0,0,Daniel Sturridge,West Bromwich Albion,20963,8,FW
7,2,0,37,25.87,146,52.14,13,68.42,11,1,62.33,183,43.26,1858,16,28,59,28,0,0,0,0,28,4,0,0,0,0,127,2,326,17,0,0,9,81.82,7,29,19,2,49,21,5,14.29,2,23,,0,0,0,Steve Mounié,Huddersfield Town,345035,59,FW
4,1,0,31,46.27,38,59.38,5,71.43,15,0,85.24,69,52.67,612,12,13,13,16,0,0,0,0,1,0,0,0,0,0,61,0,335,5,0,0,11,61.11,14,18,9,1,10,7,1,40,1,3,,0,1,0,Marouane Fellaini,Manchester United,21764,35,FW
10,1,0,29,31.52,83,44.62,6,60,7,1,60.1,112,40.29,1633,16,18,35,24,0,0,0,0,10,1,0,0,0,0,106,0,250,11,0,0,4,57.14,0,16,10,4,39,24,5,25.64,1,26,,0,0,0,Chris Wood,Burnley,50480,6,FW
8,3,0,82,53.25,14,29.17,22,66.67,11,0,73.46,96,47.52,1543,49,15,38,28,0,0,0,0,31,5,0,0,0,0,110,1,274,21,6,33.33,19,76,6,1,11,3,29,16,1,27.59,2,14,,0,0,0,Javier Hernández,West Ham United,34312,37,FW
1,0,0,27,48.21,0,0,17,62.96,5,0,74.65,27,43.55,438,5,3,7,7,0,0,0,0,2,1,0,0,0,0,48,0,106,11,3,20,4,100,4,2,9,0,8,4,1,12.5,0,1,,0,1,0,Gerard Deulofeu,Watford,96372,24,FW
0,0,0,4,50,0,0,1,100,0,0,88,4,50,72,3,1,2,1,0,0,0,0,1,0,0,0,0,0,6,0,22,1,0,0,0,0,0,0,1,0,1,0,0,0,0,0,,0,0,0,Bojan Krkić,Stoke City,25929,29,FW
10,5,0,55,28.8,25,42.37,9,39.13,28,2,77.78,80,32,2282,18,35,57,31,0,0,0,0,28,5,0,0,0,0,264,3,903,35,22,35.48,104,56.52,17,36,32,5,45,17,8,22.22,1,8,,0,2,1,Wayne Rooney,Everton,751,48,FW
5,4,0,18,21.69,241,64.78,5,71.43,2,2,58.83,259,56.92,1555,11,40,22,31,0,0,0,0,26,1,0,0,0,0,132,5,373,21,2,66.67,3,42.86,1,31,12,3,23,9,1,21.74,2,14,,0,0,0,Peter Crouch,Stoke City,917,29,FW
8,3,0,153,39.74,68,45.64,62,42.76,36,3,73,221,41.39,2453,56,45,82,33,0,0,0,0,34,5,0,0,0,0,222,8,503,38,10,29.41,14,50,4,14,23,1,51,21,15,15.69,1,4,,0,1,0,Joshua King,Bournemouth,100621,60,FW
7,0,0,21,37.5,69,61.61,3,37.5,9,1,66.04,90,53.57,984,9,13,13,29,0,0,0,0,11,0,0,0,0,0,127,5,247,20,1,33.33,5,38.46,2,9,7,9,47,15,12,14.89,3,5,,0,0,0,Olivier Giroud,Chelsea,39070,38,FW
7,4,0,112,36.84,165,44.59,45,60.81,14,3,66.83,277,41.1,2771,55,42,105,36,0,0,0,0,40,8,0,0,0,0,224,3,556,23,3,8.57,15,50,15,20,21,9,79,29,11,8.86,2,28,,0,0,0,Salomón Rondón,West Bromwich Albion,35532,8,FW
8,2,0,45,35.16,34,33.33,20,55.56,10,2,62.4,79,34.35,1081,15,31,24,22,0,0,0,0,18,5,0,0,0,0,94,3,156,11,1,14.29,2,33.33,2,6,15,7,37,18,7,21.62,3,20,,0,0,0,Oumar Niasse,Everton,226780,48,FW
8,3,0,123,41.28,43,32.82,32,50.79,39,5,71.31,166,38.69,2494,53,36,70,36,0,0,0,0,26,2,0,0,0,0,203,7,512,37,3,13.64,12,36.36,24,24,42,5,60,23,10,13.33,1,14,,0,0,1,Ayoze Pérez,Newcastle United,345195,39,FW
3,2,0,31,36.9,6,25,13,72.22,9,3,80.08,37,34.26,824,9,17,15,21,0,0,0,0,14,3,0,0,0,0,85,5,197,11,0,0,6,54.55,3,4,17,5,29,11,9,10.34,2,4,,0,0,0,Kelechi Iheanacho,Leicester City,359642,31,FW
3,6,0,47,33.33,242,56.67,16,61.54,10,5,56.4,289,50.88,2236,27,48,32,31,0,0,0,0,30,6,0,0,0,0,149,3,379,28,0,0,13,59.09,3,43,15,20,60,21,11,5,0,12,,0,0,0,Christian Benteke,Crystal Palace,45970,7,FW
3,5,1,24,40,76,58.91,9,69.23,3,0,61.29,100,52.91,746,14,28,10,16,0,0,0,0,11,1,0,0,0,0,56,1,152,7,3,30,10,52.63,2,15,1,0,28,8,9,10.71,1,6,,0,0,0,Andy Carroll,West Ham United,18998,37,FW
4,3,0,16,33.33,123,55.66,1,100,3,1,49.43,139,51.67,980,16,20,16,30,0,0,0,0,15,1,0,0,0,0,60,2,131,8,0,0,2,40,3,14,3,3,33,8,5,12.12,1,12,,0,0,0,Sam Vokes,Burnley,19633,6,FW
12,9,0,73,38.02,117,43.82,7,29.17,18,0,55.12,190,41.39,2196,50,60,35,35,0,0,0,0,34,2,0,0,0,0,124,2,366,17,0,0,3,20,5,27,16,9,53,25,7,22.64,0,35,,0,0,0,Glenn Murray,Brighton & Hove Albion,20097,30,FW
5,4,0,205,51.38,120,42.55,47,47.47,64,4,63.93,325,47.72,2827,95,37,80,38,0,0,0,0,48,6,0,0,0,0,236,6,514,26,6,11.76,8,29.63,24,29,29,13,95,22,26,5.26,2,21,,0,1,0,Richarlison,Watford,840217,24,FW
4,2,0,51,39.23,145,54.31,7,41.18,22,1,62.9,196,49.37,1716,23,30,19,30,0,0,0,0,21,4,0,0,0,0,130,1,373,16,2,33.33,9,47.37,11,35,27,8,47,17,8,8.51,1,3,,0,0,0,Joselu,Newcastle United,69418,39,FW
3,1,0,96,48.24,43,43.88,51,57.95,15,1,67.79,139,46.8,1358,30,17,42,21,0,0,0,0,19,4,0,0,0,0,91,1,261,14,12,21.82,22,47.83,13,14,10,1,34,15,11,8.82,0,7,,0,0,0,Michail Antonio,West Ham United,47772,37,FW
5,1,0,53,50,24,42.11,14,60.87,20,2,79.85,77,47.24,1185,20,13,25,28,0,0,0,0,21,0,0,0,0,0,157,2,313,13,0,0,1,25,11,12,8,7,32,13,8,15.63,1,4,,0,0,0,Danny Welbeck,Arsenal,33902,42,FW
4,4,0,61,34.46,135,44.26,21,48.84,15,6,60.85,196,40.66,1875,27,43,40,32,0,0,0,0,25,3,0,0,0,0,140,6,300,20,8,42.11,3,25,10,22,13,5,43,17,10,9.3,0,15,,1,0,0,Dominic Calvert-Lewin,Everton,372344,48,FW
7,2,0,24,35.29,40,35.71,3,50,8,0,68.44,64,35.56,1030,16,16,19,24,0,0,0,0,12,3,0,0,0,0,62,1,167,4,0,0,5,27.78,1,10,7,8,48,25,8,14.58,2,14,,0,0,0,Charlie Austin,Southampton,97905,45,FW
5,1,1,33,35.48,135,42.06,4,50,15,2,56.64,168,40.58,1841,17,24,28,29,0,0,0,0,25,3,0,0,0,0,174,4,307,26,1,14.29,10,43.48,5,20,8,5,36,15,9,13.89,0,16,,0,0,0,Troy Deeney,Watford,22109,24,FW
0,0,0,10,47.62,32,34.78,3,75,5,1,65.85,42,37.17,452,2,7,2,7,0,0,0,0,7,1,0,0,0,0,30,0,81,4,0,0,1,33.33,0,5,1,0,11,4,4,0,0,1,,0,0,0,Guido Carrillo,Southampton,174519,45,FW
6,3,0,49,40.5,67,42.14,9,50,12,3,72.29,116,41.43,1961,28,23,24,35,0,0,0,0,29,2,0,0,0,0,120,3,313,21,1,20,4,21.05,6,17,19,9,57,21,14,10.53,1,22,,0,0,0,Dwight Gayle,Newcastle United,232118,39,FW
8,0,0,61,33.7,21,20.79,17,39.53,9,2,70.66,82,29.08,1987,35,37,47,28,0,0,0,0,30,3,0,0,0,0,135,2,277,20,3,20,5,41.67,3,15,13,8,53,19,13,15.09,0,20,,0,0,1,Callum Wilson,Bournemouth,113956,60,FW
5,2,0,68,48.92,15,32.61,32,62.75,23,3,78.39,83,44.86,1987,13,20,22,32,0,0,0,0,29,3,0,0,0,0,206,4,410,21,6,26.09,4,25,16,25,12,3,52,16,14,9.62,0,14,,0,0,0,José Izquierdo,Brighton & Hove Albion,358162,30,FW
1,0,0,19,34.55,21,35.59,9,64.29,7,1,75.13,40,35.09,583,3,13,17,21,0,0,0,0,3,1,0,0,0,0,71,4,148,15,0,0,2,66.67,2,7,3,5,22,8,4,4.55,1,1,,0,0,0,Dominic Solanke,Liverpool,361420,44,FW
2,6,0,73,45.34,77,40.53,9,64.29,25,1,66.84,150,42.74,1578,40,34,30,30,0,0,0,0,20,8,0,0,0,0,126,2,264,22,4,19.05,5,83.33,12,29,20,5,33,13,6,6.06,0,14,,0,0,1,Shane Long,Southampton,10486,45,FW
2,2,0,25,47.17,44,42.72,10,76.92,5,0,62.98,69,44.23,704,11,7,16,15,0,0,0,0,7,1,0,0,0,0,41,0,131,4,0,0,3,75,2,15,4,2,20,7,5,10,0,2,,0,0,0,Wilfried Bony,Swansea City,39543,74,FW
6,6,0,95,51.35,145,47.7,11,42.31,48,2,57.17,240,49.08,2601,39,38,33,35,0,0,0,0,42,7,0,0,0,0,141,3,319,21,3,8.82,5,20.83,14,69,13,7,59,20,12,10.17,0,23,,0,1,0,Mame Biram Diouf,Stoke City,22481,29,FW
7,2,1,241,48.88,51,29.48,74,59.68,82,2,82.66,292,43.84,2856,87,63,105,36,0,0,0,0,43,6,0,0,0,0,231,1,691,16,5,11.11,18,54.55,24,17,39,6,66,21,26,10.61,4,8,,1,0,0,Jordan Ayew,Swansea City,103045,74,FW
1,0,0,30,44.12,0,0,15,62.5,10,1,77.4,30,38.96,616,5,5,15,13,0,0,0,0,15,2,0,0,0,0,35,0,113,9,4,30.77,3,60,0,3,10,1,13,5,4,7.69,0,1,,0,0,0,Jesé Rodríguez,Stoke City,110781,29,FW
3,5,0,91,48.4,46,31.72,21,72.41,35,4,78.66,137,41.14,1843,36,24,42,30,0,0,0,0,34,7,0,0,0,0,149,4,457,16,2,12.5,13,50,9,11,24,5,26,12,4,11.54,1,6,,0,0,0,André Ayew,Swansea City,27035,74,FW
3,0,0,21,38.89,11,40.74,7,53.85,7,0,66.41,32,39.51,468,7,8,12,16,0,0,0,0,8,2,0,0,0,0,41,3,87,6,6,22.22,6,50,1,0,7,2,17,6,5,17.65,0,4,,0,0,0,Bakary Sako,Crystal Palace,51455,7,FW
7,2,0,85,32.2,76,47.5,29,43.94,31,1,72.34,161,37.97,2823,29,43,61,37,0,0,0,0,36,5,0,0,0,0,211,3,510,21,3,10,20,44.44,19,37,42,4,69,25,16,10.14,2,18,,0,0,0,Jay Rodriguez,West Bromwich Albion,26989,8,FW
2,0,0,13,46.43,7,33.33,5,83.33,5,1,69.79,20,40.82,353,3,4,9,12,0,0,0,0,7,0,0,0,0,0,22,0,67,1,0,0,0,0,1,3,2,0,13,5,3,15.38,0,6,,0,0,0,Michy Batshuayi,Chelsea,147745,38,FW
6,1,0,41,29.93,127,46.86,12,46.15,14,1,57.05,168,41.18,1808,16,28,39,33,0,0,0,0,30,4,0,0,0,0,89,1,275,14,0,0,5,62.5,11,35,18,3,25,12,6,24,1,6,,0,0,0,Laurent Depoitre,Huddersfield Town,171235,59,FW
1,0,0,9,39.13,4,30.77,1,25,5,0,61.84,13,36.11,265,3,6,5,8,0,0,0,0,0,0,0,0,0,0,21,0,47,3,0,0,1,33.33,2,1,0,1,8,5,1,12.5,0,3,,0,0,0,Danny Ings,Liverpool,130181,44,FW
5,0,0,64,40.25,39,40.21,27,57.45,10,1,67.67,103,40.23,1720,27,15,51,31,0,0,0,0,28,3,0,0,0,0,61,3,203,12,2,15.38,6,40,1,11,12,4,42,15,11,11.9,0,9,,0,0,0,Tammy Abraham,Swansea City,610766,74,FW
2,1,0,126,50.4,6,31.58,61,63.54,37,2,78.57,132,49.07,1213,28,27,41,26,0,0,0,0,16,8,0,0,0,0,175,2,418,21,8,20,13,40.63,6,6,23,1,30,6,14,6.67,0,2,,0,0,0,Sofiane Boufal,Southampton,257205,45,FW
5,2,0,16,28.07,14,28,6,50,3,0,70.85,30,28.04,1074,7,14,7,28,0,0,0,0,12,5,0,0,0,0,53,0,158,7,0,0,2,22.22,4,6,14,0,22,10,3,22.73,2,10,,0,0,0,Manolo Gabbiadini,Southampton,53816,45,FW
6,2,0,68,41.46,31,34.83,16,42.11,25,2,73.32,99,39.13,1328,28,20,30,27,0,0,0,0,16,3,0,0,0,0,114,2,283,15,0,0,7,53.85,8,5,24,5,28,16,5,21.43,0,9,,0,0,0,Shinji Okazaki,Leicester City,19303,31,FW
4,1,0,23,35.94,2,10,3,23.08,12,1,74.05,25,29.76,1083,8,12,16,24,0,0,0,0,16,5,0,0,0,0,51,1,97,13,0,0,1,50,4,0,8,3,27,15,4,14.81,3,9,,0,0,0,Jermain Defoe,Bournemouth,946,60,FW
2,0,0,26,38.81,67,43.23,7,41.18,7,2,62.39,93,41.89,848,13,10,16,16,0,0,0,0,7,1,0,0,0,0,35,0,146,3,0,0,2,66.67,2,12,8,2,17,7,4,11.76,1,7,,0,0,0,Tomer Hemed,Brighton & Hove Albion,18735,30,FW
1,0,0,8,47.06,6,40,2,50,1,0,72.22,14,43.75,89,5,3,3,6,0,0,0,0,0,0,0,0,0,0,18,0,39,3,0,0,0,0,0,2,1,1,4,2,1,25,0,1,,0,0,0,Aleksandar Mitrović,Newcastle United,192144,39,FW
1,0,0,4,44.44,1,8.33,0,0,1,1,70.59,5,23.81,223,3,2,1,6,0,0,0,0,8,0,0,0,0,0,11,0,36,1,1,33.33,5,83.33,1,0,1,0,6,1,2,16.67,0,2,,0,1,0,Jürgen Locadia,Brighton & Hove Albion,97409,30,FW
0,0,0,2,40,2,33.33,0,0,2,0,52.94,4,36.36,75,0,0,3,4,0,0,0,0,2,0,0,0,0,0,5,0,9,0,1,33.33,0,0,1,0,0,0,2,1,0,0,0,1,,0,0,0,Tyrese Campbell,Stoke City,826145,29,FW
0,0,0,3,42.86,5,71.43,0,0,2,0,76.32,8,57.14,102,1,1,2,5,0,0,0,0,1,1,0,0,0,0,26,0,58,2,1,50,3,75,0,1,1,0,4,1,2,0,0,2,,0,0,0,Zlatan Ibrahimović,Manchester United,2089,35,FW
1,2,0,29,39.19,22,42.31,14,77.78,6,1,66.23,51,40.48,445,9,21,22,15,0,0,0,0,9,0,0,0,0,0,45,0,102,5,1,100,4,80,0,0,3,2,10,3,2,10,1,4,,0,0,0,Stefano Okaka,Watford,13148,24,FW
2,1,0,36,39.13,8,26.67,17,44.74,9,0,63.35,44,36.07,585,10,11,16,23,0,0,0,0,12,2,0,0,0,0,49,2,102,4,0,0,2,40,3,8,8,0,22,5,6,9.09,0,0,,0,0,0,Lys Mousset,Bournemouth,377108,60,FW
1,0,0,13,34.21,23,33.33,6,85.71,4,0,72.52,36,33.64,281,3,7,12,14,0,0,0,0,3,1,0,0,0,0,39,2,95,8,0,0,1,50,0,4,6,0,3,2,0,33.33,0,4,,0,0,0,Leonardo Ulloa,Brighton & Hove Albion,52691,30,FW
1,1,0,9,50,15,46.88,0,0,6,0,68.18,24,48,225,4,4,3,16,0,0,0,0,2,0,0,0,0,0,31,0,60,4,0,0,0,0,0,6,1,1,6,2,2,16.67,0,2,,0,0,0,Fernando Llorente,Tottenham Hotspur,11692,33,FW
5,1,0,9,16.98,17,24.29,2,18.18,2,2,71.91,26,21.14,1496,5,11,23,31,0,0,0,0,26,4,0,0,0,0,102,3,215,18,2,22.22,5,71.43,4,3,3,7,34,13,9,14.71,0,12,,0,0,0,Andre Gray,Watford,73951,24,FW
2,2,1,44,40,24,34.78,14,60.87,5,0,66.85,68,37.99,822,25,20,28,21,0,0,0,0,12,2,0,0,0,0,63,0,123,8,2,10.53,2,16.67,4,9,14,1,19,8,4,10.53,1,6,,0,0,0,Hal Robson-Kanu,West Bromwich Albion,33427,8,FW
0,0,0,9,40.91,22,52.38,1,100,4,1,68.69,31,48.44,269,4,4,7,11,0,0,0,0,4,1,0,0,0,0,27,1,68,1,0,0,0,0,0,3,2,0,5,3,1,0,0,0,,0,0,0,Oliver McBurnie,Swansea City,367228,74,FW
1,1,0,12,35.29,13,32.5,6,60,2,1,67.72,25,33.78,370,4,3,11,16,0,0,0,0,4,0,0,0,0,0,42,0,107,7,0,0,1,25,1,3,5,2,7,4,0,14.29,0,4,,0,0,1,Islam Slimani,Newcastle United,238708,39,FW
2,2,0,13,37.14,16,37.21,2,33.33,5,0,60.94,29,37.18,294,6,4,12,14,0,0,0,0,9,2,0,0,0,0,16,0,39,1,1,33.33,3,50,1,2,3,2,9,3,0,22.22,1,5,,0,0,0,Diafra Sakho,West Ham United,74069,37,FW
0,0,0,22,53.66,24,38.71,7,77.78,4,0,73.68,46,44.66,533,13,9,5,17,0,0,0,0,12,1,0,0,0,0,44,0,112,2,1,50,0,0,0,6,5,2,8,3,4,0,0,4,,0,0,0,Benik Afobe,Bournemouth,98437,60,FW
0,0,0,0,0,0,0,0,0,0,0,71.43,0,0,16,0,0,0,1,0,0,0,0,1,0,0,0,0,0,3,0,5,0,0,0,0,0,0,0,0,0,0,0,0,0,0,0,,0,0,0,Freddie Ladapo,Crystal Palace,254813,7,FW
0,0,0,1,33.33,0,0,0,0,1,0,85.71,1,33.33,17,0,1,1,3,0,0,0,0,1,0,0,0,0,0,2,0,6,0,0,0,0,0,0,0,0,0,1,1,0,0,0,0,,0,0,0,Edward Nketiah,Arsenal,858194,42,FW
0,4,0,70,45.75,15,36.59,23,54.76,22,4,73.57,85,43.81,1272,26,14,34,26,0,0,0,0,21,2,0,0,0,0,140,3,309,17,4,18.18,4,20,11,13,17,1,16,4,4,0,0,3,,0,0,0,Collin Quaner,Huddersfield Town,117399,59,FW
0,0,0,11,50,1,25,4,66.67,4,0,68.29,12,46.15,137,3,1,6,4,0,0,0,0,2,0,0,0,0,0,9,0,28,0,1,50,1,50,1,0,2,0,2,1,0,0,0,1,,0,0,0,Rolando Aarons,Newcastle United,581032,39,FW
1,1,0,75,50.68,17,32.69,13,50,30,1,66.37,92,46,1338,32,20,30,19,0,0,0,0,21,2,0,0,0,0,93,0,225,10,1,4.17,4,28.57,2,7,11,1,12,5,3,8.33,0,5,,0,0,0,Elias Kachunga,Huddersfield Town,114066,59,FW
0,0,0,12,42.86,1,33.33,8,61.54,1,1,84.44,13,41.94,153,3,5,4,7,0,0,0,0,5,1,0,0,0,0,14,1,38,2,0,0,2,66.67,1,2,2,0,3,0,2,0,0,0,,0,0,0,Ademola Lookman,Everton,824200,48,FW
0,1,0,15,37.5,5,35.71,5,55.56,10,0,68.75,20,37.04,423,0,9,7,15,0,0,0,0,10,1,0,0,0,0,40,0,110,6,4,26.67,1,11.11,2,4,6,0,5,2,1,0,0,0,,0,0,0,Wayne Routledge,Swansea City,636,74,FW
1,0,0,35,36.84,12,54.55,17,47.22,8,0,62.86,47,40.17,854,11,12,25,16,0,0,0,0,12,2,0,0,0,0,60,1,132,4,7,13.21,2,10.53,4,7,5,2,19,7,3,5.26,0,4,,0,0,0,Yannick Bolasie,Everton,46620,48,FW
0,0,0,5,22.73,6,24,1,50,2,1,77.89,11,23.4,485,4,6,10,15,0,0,0,0,10,3,0,0,0,0,33,1,74,3,1,25,1,33.33,1,2,1,3,10,4,2,0,0,4,,0,0,0,Saido Berahino,Stoke City,111962,29,FW
0,0,0,0,0,0,0,0,0,0,0,87.5,0,0,6,0,0,0,1,0,0,0,0,0,0,0,0,0,0,2,0,7,0,0,0,0,0,0,0,0,0,0,0,0,0,0,0,,0,0,0,Ben Woodburn,Liverpool,843270,44,FW
0,0,0,2,40,0,0,1,33.33,1,0,71.43,2,33.33,25,0,0,1,1,0,0,0,0,0,0,0,0,0,0,1,0,5,0,0,0,0,0,1,0,0,0,1,0,1,0,0,0,,0,0,0,Levi Lumeka,Crystal Palace,901361,7,FW
0,0,0,0,0,1,100,0,0,0,0,100,1,50,8,0,1,0,3,0,0,0,0,0,0,0,0,0,0,3,0,6,0,0,0,0,0,0,0,0,0,1,0,0,0,0,0,,0,0,0,Harvey Barnes,Leicester City,855647,31,FW
0,0,0,2,33.33,0,0,2,50,0,0,87.5,2,28.57,29,0,1,0,4,0,0,0,0,1,0,0,0,0,0,3,0,7,1,0,0,0,0,1,0,1,0,0,0,0,0,0,0,,0,0,0,Jerome Sinclair,Watford,284455,24,FW
0,0,0,5,41.67,0,0,1,100,4,0,100,5,29.41,46,0,4,3,9,0,0,0,0,2,1,0,0,0,0,6,0,16,0,0,0,0,0,0,0,0,1,3,1,1,0,0,0,,0,0,0,Nahki Wells,Burnley,145182,6,FW
0,0,0,24,43.64,5,41.67,13,65,6,2,79.29,29,43.28,358,5,2,14,15,0,0,0,0,10,1,0,0,0,0,48,1,111,4,2,22.22,3,60,7,2,8,1,4,0,2,0,0,0,,0,0,0,Oliver Burke,West Bromwich Albion,608362,8,FW
1,0,0,56,41.48,7,22.58,34,58.62,13,1,65.48,63,37.95,1145,9,8,29,25,0,0,0,0,24,1,0,0,0,0,74,3,184,11,7,17.5,7,28,6,9,20,1,22,7,7,4.55,0,0,,0,2,1,Jacob Murphy,Newcastle United,372336,39,FW
0,0,0,0,0,0,0,0,0,0,0,100,0,0,18,0,1,0,1,0,0,0,0,0,0,0,0,0,0,3,0,4,0,0,0,0,0,0,0,0,0,0,0,0,0,0,0,,0,0,0,Jérémie Boga,Chelsea,367056,38,FW
0,0,0,0,0,0,0,0,0,0,0,50,0,0,9,0,0,0,1,0,0,0,0,1,0,0,0,0,0,0,0,1,0,0,0,0,0,0,0,0,0,0,0,0,0,0,0,,0,0,0,Divock Origi,Liverpool,190399,44,FW
0,0,0,1,33.33,0,0,0,0,1,0,80,1,33.33,19,0,1,0,1,0,0,0,0,1,1,0,0,0,0,2,0,4,0,0,0,0,0,0,0,1,0,0,0,0,0,0,0,,0,0,0,Julien Ngoy,Stoke City,848680,29,FW
0,0,0,0,0,0,0,0,0,0,0,100,0,0,14,0,0,2,2,0,0,0,0,0,0,0,0,0,0,3,0,5,0,0,0,0,0,0,0,0,0,0,0,0,0,0,0,,0,0,0,Lukas Nmecha,Manchester City,803185,17,FW
0,0,0,0,0,0,0,0,0,0,0,57.14,0,0,30,0,0,1,2,0,0,0,0,1,0,0,0,0,0,3,0,4,0,0,0,0,0,0,0,0,0,0,0,0,0,0,0,,0,0,0,Sam Baldock,Brighton & Hove Albion,19884,30,FW
0,0,0,1,33.33,2,66.67,0,0,0,0,44.44,3,50,36,1,0,2,3,0,0,0,0,2,0,0,0,0,0,1,0,4,0,0,0,0,0,0,1,0,1,1,0,0,0,0,0,,0,0,0,Jonathan Walters,Burnley,19524,6,FW
0,0,0,2,22.22,4,44.44,1,50,0,0,33.33,6,33.33,22,1,3,2,3,0,0,0,0,0,0,0,0,0,0,0,0,3,0,0,0,0,0,0,0,1,0,0,0,0,0,0,0,,0,0,0,Jordan Hugill,West Ham United,354172,37,FW
0,0,0,0,0,0,0,0,0,0,0,100,0,0,8,0,0,0,1,0,0,0,0,0,0,0,0,0,0,0,0,1,0,0,0,0,0,0,0,0,1,1,0,0,0,0,0,,0,0,0,Michael Obafemi,Southampton,921216,45,FW
0,0,0,0,0,0,0,0,0,0,0,0,0,0,1,0,1,0,1,0,0,0,0,0,0,0,0,0,0,0,0,0,0,0,0,0,0,0,0,0,0,0,0,0,0,0,0,,0,0,0,Vincent Janssen,Tottenham Hotspur,339901,33,FW
0,0,0,0,0,0,0,0,0,0,0,60,0,0,90,0,0,0,1,3,3,0,0,0,0,0,0,0,0,1,0,12,0,0,0,6,42.86,0,0,0,0,0,0,0,0,0,0,,0,0,0,Sergio Romero,Manchester United,25566,35,GK
0,0,0,0,0,1,100,0,0,0,0,77.27,1,50,90,0,0,0,1,3,3,0,0,0,0,2,1,1,2,0,0,17,0,0,0,7,58.33,0,1,1,0,0,0,0,0,0,0,,0,0,0,Paulo Gazzaniga,Tottenham Hotspur,164343,33,GK
0,0,0,1,100,5,100,0,0,0,0,69.23,6,100,380,4,0,0,5,9,6,3,3,3,0,5,1,4,1,2,0,81,0,0,0,22,37.93,0,5,0,0,0,0,0,0,0,0,,0,0,0,David Ospina,Arsenal,33596,42,GK
0,0,0,2,66.67,8,100,0,0,1,0,46.19,10,90.91,3150,3,0,0,35,144,83,59,61,53,8,20,27,14,28,108,0,540,1,0,0,403,39.32,1,40,0,0,0,0,0,0,0,0,,1,0,0,Jack Butland,Stoke City,98448,29,GK
0,0,0,4,80,2,66.67,1,100,0,0,57.54,6,75,3330,4,0,0,37,115,68,46,28,25,3,12,6,6,6,32,0,542,1,0,0,260,39.39,0,15,1,0,0,0,0,0,0,0,,0,3,0,David De Gea,Manchester United,69378,35,GK
0,3,0,1,33.33,12,92.31,0,0,0,0,39.04,13,81.25,3114,1,1,0,35,113,73,40,35,32,3,52,24,18,26,162,1,429,4,0,0,362,35.11,0,39,1,0,0,0,0,0,0,0,,0,0,0,Nick Pope,Burnley,162653,6,GK
0,2,0,4,50,3,75,0,0,2,0,42.5,7,58.33,1710,3,1,0,19,69,35,33,29,23,6,9,11,6,15,23,0,221,0,0,0,174,36.94,0,21,3,0,0,0,0,0,0,0,,0,1,0,Adrián,West Ham United,50539,37,GK
0,1,0,8,88.89,12,100,1,100,1,0,85.34,20,95.24,3195,6,0,1,36,58,37,19,26,20,6,15,39,14,40,18,0,792,1,0,0,147,52.5,0,29,0,0,0,0,0,0,0,0,,2,4,0,Ederson,Manchester City,254491,17,GK
0,1,0,3,42.86,9,81.82,1,100,1,0,75.2,12,66.67,3240,2,1,0,36,86,57,25,35,31,4,17,33,20,37,18,0,749,1,0,0,217,46.77,2,54,3,0,0,0,0,0,0,0,,5,3,1,Hugo Lloris,Tottenham Hotspur,9048,33,GK
0,0,0,2,100,15,78.95,0,0,0,0,53.37,17,80.95,3420,3,1,0,38,137,91,45,56,48,8,39,10,15,10,40,0,594,1,0,0,342,39.81,0,25,0,0,0,0,0,0,0,0,,0,2,0,Łukasz Fabiański,Swansea City,15479,74,GK
0,1,0,2,40,8,88.89,0,0,0,0,67.18,10,71.43,1710,3,2,1,19,31,21,10,14,13,1,9,13,11,13,10,0,350,0,0,0,77,31.3,1,15,0,0,0,0,0,0,0,0,,0,0,0,Loris Karius,Liverpool,174135,44,GK
0,2,0,3,60,4,80,0,0,0,0,70.5,7,70,3150,3,2,0,35,76,41,33,34,33,1,24,12,9,12,34,0,693,0,0,0,189,39.87,0,17,0,0,0,0,0,0,0,0,,0,1,0,Thibaut Courtois,Chelsea,70988,38,GK
0,0,0,1,100,3,100,0,0,0,0,54.11,4,100,1080,2,0,0,12,26,21,5,11,11,0,12,7,6,7,11,0,171,0,0,0,72,33.18,0,9,0,0,0,0,0,0,0,0,,1,1,0,Martin Dúbravka,Newcastle United,42209,39,GK
0,1,0,6,85.71,15,93.75,2,66.67,1,0,65.35,21,91.3,3040,4,0,0,34,91,61,25,48,46,2,31,22,20,22,23,0,530,0,0,0,184,39.83,0,44,0,0,0,0,0,0,1,0,,6,1,0,Petr Čech,Arsenal,1185,42,GK
0,0,0,2,66.67,1,100,0,0,0,0,90.91,3,75,225,1,0,0,3,4,4,0,1,1,0,2,2,0,2,0,0,50,0,0,0,10,71.43,0,0,1,0,0,0,0,0,0,0,,0,0,0,Claudio Bravo,Manchester City,13249,17,GK
0,0,0,1,50,6,85.71,0,0,0,0,53.56,7,77.78,1440,2,0,0,16,44,31,13,21,18,3,13,10,9,10,30,0,263,0,0,0,167,42.49,0,17,1,0,0,0,0,0,0,0,,0,0,0,Robert Elliot,Newcastle United,20581,39,GK
0,0,0,1,100,1,100,0,0,0,0,53.49,2,100,180,1,0,0,2,8,7,1,6,6,0,0,3,1,3,4,0,23,0,0,0,17,45.95,0,5,0,0,0,0,0,0,0,0,,0,0,0,Eldin Jakupović,Leicester City,4387,31,GK
0,0,0,0,0,12,100,0,0,0,0,47.96,12,80,3420,1,0,0,38,124,73,50,54,51,3,35,4,13,5,49,0,505,0,0,0,364,39.96,3,23,3,0,0,0,0,0,0,0,,2,1,0,Mathew Ryan,Brighton & Hove Albion,134029,30,GK
0,1,0,0,0,10,100,0,0,0,0,46.08,10,100,2430,2,0,0,27,91,50,38,41,32,9,27,16,10,17,83,1,317,1,0,0,229,38.23,2,15,0,0,0,0,0,0,0,0,,0,1,0,Wayne Hennessey,Crystal Palace,16620,7,GK
0,0,0,4,57.14,18,94.74,0,0,0,0,44.49,22,84.62,3420,6,1,0,38,121,70,50,58,48,10,17,14,22,16,147,0,517,3,0,0,335,34.22,2,48,2,0,1,0,0,0,0,0,,2,3,0,Jordan Pickford,Everton,138530,48,GK
0,0,0,0,0,1,100,0,0,0,0,43.02,1,100,1800,1,0,0,20,68,45,22,30,20,10,8,3,2,3,16,0,191,0,0,0,105,29.33,0,9,0,0,0,0,0,0,0,0,,2,2,0,Fraser Forster,Southampton,19314,45,GK
0,0,0,0,0,3,100,0,0,0,0,46.13,3,100,900,1,0,0,10,35,28,6,15,14,1,9,1,3,1,18,0,137,0,0,0,82,34.17,0,6,0,0,0,0,0,0,0,0,,1,3,0,Karl Darlow,Newcastle United,123689,39,GK
0,3,0,8,80,12,100,2,100,1,0,49.61,20,90.91,2966,6,0,0,33,93,47,45,47,37,10,25,24,20,25,45,0,512,1,0,0,331,39.4,0,38,2,0,0,0,0,0,0,0,,2,3,0,Kasper Schmeichel,Leicester City,1076,31,GK
0,2,0,4,50,11,84.62,0,0,0,0,51.27,15,71.43,3420,7,2,0,38,111,65,46,61,54,7,32,11,20,11,31,0,485,1,0,0,247,35.09,2,36,2,0,0,0,0,0,0,0,,5,2,0,Asmir Begović,Bournemouth,13918,60,GK
0,0,0,2,50,13,100,0,0,0,0,55.87,15,88.24,2129,3,1,0,24,61,40,21,40,34,6,15,14,24,14,44,0,352,0,0,0,208,42.8,2,39,1,0,0,0,0,0,0,0,,2,1,0,Heurelho Gomes,Watford,2490,24,GK
0,0,0,1,100,2,100,1,100,0,0,44.22,3,100,990,0,0,0,11,31,16,13,14,11,3,6,2,1,2,19,0,130,0,0,0,87,34.66,1,5,0,0,0,0,0,0,0,0,,0,0,0,Julián Speroni,Crystal Palace,631,7,GK
0,0,0,0,0,0,0,0,0,0,0,87.5,0,0,90,0,0,0,1,4,0,4,1,1,0,0,0,0,0,0,0,21,0,0,0,2,40,0,1,0,0,0,0,0,0,0,0,,0,0,0,Michel Vorm,Tottenham Hotspur,16944,33,GK
0,0,0,0,0,2,100,0,0,0,0,69.32,2,100,270,0,0,0,3,7,3,4,4,3,1,1,1,2,1,1,0,61,0,0,0,17,40.48,0,5,0,0,0,0,0,0,0,0,,0,0,0,Willy Caballero,Chelsea,52741,38,GK
0,1,0,9,69.23,15,78.95,3,100,1,1,56.39,24,75,3420,6,0,0,38,103,64,37,58,52,6,26,23,24,25,98,1,724,3,0,0,420,43.03,4,37,4,0,0,0,0,0,0,0,,3,3,0,Jonas Lössl,Huddersfield Town,37514,59,GK
0,3,0,5,55.56,4,100,1,100,2,0,69.48,9,69.23,1710,2,2,0,19,36,20,15,24,22,2,14,9,8,12,13,0,346,0,0,0,82,35.19,0,13,2,0,0,0,0,0,0,0,,2,1,0,Simon Mignolet,Liverpool,10406,44,GK
0,2,0,6,42.86,5,100,2,100,1,0,46.06,11,57.89,3330,3,1,0,37,100,54,44,55,46,9,34,14,5,16,125,0,497,2,0,0,367,38.75,1,17,7,0,0,0,0,0,0,0,,0,1,0,Ben Foster,West Bromwich Albion,10599,8,GK
0,0,0,0,0,1,100,0,0,0,0,51.06,1,100,306,0,0,0,4,8,4,4,4,4,0,1,0,1,0,11,0,48,0,0,0,34,42.5,0,1,0,0,0,0,0,0,0,0,,0,0,0,Tom Heaton,Burnley,18122,6,GK
0,2,0,0,0,11,100,0,0,0,0,38.67,11,100,1620,1,0,0,18,42,20,22,26,22,4,18,2,11,2,16,0,157,0,0,0,107,30.06,1,19,0,0,0,0,0,0,0,0,,0,0,0,Alex McCarthy,Southampton,45502,45,GK
0,0,0,3,60,4,100,1,100,1,1,44.3,7,77.78,1710,1,1,0,19,53,29,23,39,35,4,3,7,13,7,54,1,241,2,0,0,185,38.07,0,15,1,0,0,0,0,0,0,0,,4,0,0,Joe Hart,West Ham United,16817,37,GK
0,0,0,3,60,5,100,0,0,0,0,44.77,8,80,1291,1,0,0,15,34,22,10,24,23,1,7,4,4,5,23,0,167,0,0,0,131,38.87,1,7,2,0,0,0,0,0,0,0,,2,1,0,Orestis Karnezis,Watford,17438,24,GK
0,1,0,0,0,0,0,0,0,0,0,52.63,0,0,90,0,1,0,1,2,1,1,1,1,0,3,0,0,0,1,0,10,0,0,0,8,47.06,0,1,0,0,0,0,0,0,0,0,,0,0,0,Boaz Myhill,West Bromwich Albion,10024,8,GK
0,0,0,0,0,1,100,0,0,0,0,57.14,1,50,274,0,0,0,4,6,5,1,7,5,2,0,1,2,1,4,0,40,0,0,0,20,40,0,5,1,0,0,0,0,0,0,0,,0,0,0,Ben Hamer,Leicester City,16807,31,GK
0,0,0,1,100,0,0,0,0,1,0,56.41,1,100,270,0,0,0,3,8,6,2,7,7,0,1,1,0,1,4,0,44,0,0,0,27,44.26,0,0,0,0,0,0,0,0,0,0,,0,0,0,Lee Grant,Stoke City,10011,29,GK
7,0,0,77,52.38,1,12.5,39,65,17,6,78.84,78,50.32,1116,21,5,26,14,0,0,0,0,13,1,0,0,0,0,290,7,544,40,20,34.48,38,65.52,10,2,18,1,54,17,23,12.96,2,4,,0,1,0,Philippe Coutinho,Liverpool,119159,44,MF
8,2,0,157,47.87,15,48.39,63,72.41,62,16,83.44,172,47.91,3083,33,30,60,37,0,0,0,0,16,6,0,0,0,0,993,19,2247,111,61,24.6,130,65,25,12,57,3,94,39,24,8.51,4,2,,0,2,5,Kevin De Bruyne,Manchester City,70996,17,MF
32,1,0,119,40.48,13,27.08,78,63.41,12,10,76.74,132,38.6,2921,29,16,96,36,0,0,0,0,28,2,0,0,0,0,414,12,726,63,27,31.4,18,54.55,5,3,20,23,144,67,33,22.22,3,17,,0,0,1,Mohamed Salah,Liverpool,159665,44,MF
4,4,0,78,49.37,1,7.69,36,70.59,20,8,86.46,79,46.2,2164,22,18,32,26,0,0,0,0,34,2,0,0,0,0,845,13,1564,85,25,25.51,57,80.28,12,5,17,4,39,14,13,10.26,0,12,,0,0,1,Mesut Özil,Arsenal,16176,42,MF
9,5,0,103,51.76,17,60.71,38,77.55,32,11,88.93,120,52.86,2435,36,21,29,29,0,0,0,0,16,2,0,0,0,0,913,14,2160,63,16,21.62,44,60.27,18,6,36,5,54,20,12,16.67,1,4,,0,0,2,David Silva,Manchester City,11781,17,MF
10,4,0,138,48.59,16,53.33,85,64.39,27,15,84.23,154,49.04,2422,27,24,64,32,0,0,0,0,18,4,0,0,0,0,519,13,919,60,21,22.58,14,73.68,13,6,14,6,57,20,18,17.54,2,7,,0,0,2,Leroy Sané,Manchester City,293519,17,MF
10,0,0,100,40,18,40,29,54.72,51,10,82.37,118,40,3226,21,14,72,37,0,0,0,0,29,4,0,0,0,0,763,15,1860,96,50,22.52,134,63.81,31,17,42,2,97,39,37,10.31,1,1,,0,0,1,Christian Eriksen,Tottenham Hotspur,105734,33,MF
6,5,1,157,53.77,51,62.96,75,74.26,33,10,85.3,208,55.76,2151,51,44,40,27,0,0,0,0,17,3,0,0,0,0,540,4,1468,39,4,14.29,110,63.58,21,25,28,6,76,18,29,7.89,2,3,,0,0,0,Paul Pogba,Manchester United,111802,35,MF
2,4,1,108,51.18,10,30.3,18,72,68,4,83.42,118,48.36,2308,22,25,23,32,0,0,0,0,24,2,0,0,0,0,750,8,1826,91,43,30.71,127,57.47,22,23,51,2,38,10,15,5.26,1,5,,0,2,1,Cesc Fàbregas,Chelsea,518,38,MF
15,1,0,133,40.8,43,24.02,50,68.49,65,7,72.53,176,34.85,2776,18,57,71,37,0,0,0,0,30,2,0,0,0,0,388,11,850,58,5,11.9,16,61.54,18,8,50,7,84,38,24,17.86,1,13,,0,0,1,Roberto Firmino,Liverpool,143697,44,MF
5,7,0,110,52.63,94,55.29,22,88,62,3,90.05,204,53.83,2885,27,41,20,34,0,0,0,0,18,6,0,0,0,0,643,7,2679,24,0,0,105,61.05,47,65,41,1,47,19,11,10.64,0,0,,0,2,3,Fernandinho,Manchester City,13630,17,MF
7,0,0,97,47.78,10,38.46,29,80.56,35,8,84.91,107,46.72,1846,33,28,37,24,0,0,0,0,24,1,0,0,0,0,397,9,1052,29,3,17.65,43,66.15,24,6,36,6,56,25,11,12.5,2,0,,0,1,1,Aaron Ramsey,Arsenal,23571,42,MF
10,3,1,133,52.57,27,30.68,55,63.95,28,7,80.35,160,46.92,2206,50,24,48,29,0,0,0,0,19,1,0,0,0,0,374,9,773,50,6,18.75,24,66.67,9,7,20,12,70,26,13,14.29,3,12,,0,0,1,Sadio Mané,Liverpool,217704,44,MF
8,5,0,114,44.88,5,20,39,57.35,25,7,79.53,119,42.65,3049,50,28,57,36,0,0,0,0,54,4,0,0,0,0,311,14,839,77,56,27.86,76,58.91,16,4,29,3,69,32,17,11.59,2,15,,0,2,0,Xherdan Shaqiri,Stoke City,65953,29,MF
1,10,0,135,52.53,49,49.49,18,75,78,7,86.91,184,51.69,3266,42,57,20,38,0,0,0,0,48,2,0,0,0,0,804,3,2708,41,29,28.43,188,66.2,37,64,43,0,66,17,18,1.52,2,0,,3,1,2,Granit Xhaka,Arsenal,117777,42,MF
7,2,0,66,33.67,13,18.57,11,73.33,36,8,76.23,79,29.7,2947,20,33,38,38,0,0,0,0,44,2,0,0,0,0,385,16,927,87,69,29.36,68,54.84,14,19,57,0,43,19,12,16.28,0,9,,0,0,5,Pascal Groß,Brighton & Hove Albion,48480,30,MF
1,3,0,59,46.09,9,42.86,16,64,32,2,68.06,68,45.64,1279,11,20,20,15,0,0,0,0,12,0,0,0,0,0,129,3,309,26,39,31.71,31,41.89,7,25,20,0,24,6,11,4.17,1,3,,0,0,0,Robbie Brady,Burnley,267621,6,MF
5,4,0,120,48.98,3,23.08,65,63.73,20,6,87.64,123,47.67,2048,35,9,47,27,0,0,0,0,37,7,0,0,0,0,350,6,1064,41,16,19.51,31,68.89,30,5,32,3,44,18,12,11.36,0,3,,1,1,1,Manuel Lanzini,West Ham United,220315,37,MF
9,5,0,224,47.36,4,20,118,60.2,30,3,75.4,228,46.25,2551,76,45,109,29,0,0,0,0,25,6,0,0,0,0,268,7,469,54,14,18.42,10,52.63,6,1,19,8,64,26,19,14.06,0,19,,0,0,1,Wilfried Zaha,Crystal Palace,111850,7,MF
5,1,0,38,48.72,10,28.57,20,66.67,16,2,77.3,48,42.48,1296,2,6,16,19,0,0,0,0,21,1,0,0,0,0,151,3,378,24,14,19.72,9,60,6,11,8,2,45,20,14,11.11,1,1,,0,0,0,Junior Stanislas,Bournemouth,44823,60,MF
0,5,0,61,54.95,16,53.33,15,100,41,7,73.7,77,54.61,1921,6,15,16,26,0,0,0,0,19,4,0,0,0,0,202,7,650,37,51,36.69,92,44.02,21,39,20,2,25,5,6,0,0,0,,0,1,0,Chris Brunt,West Bromwich Albion,10540,8,MF
1,3,0,174,54.38,17,34.69,47,82.46,113,1,89.31,191,51.76,2998,15,41,42,34,0,0,0,0,30,2,0,0,0,0,561,4,1921,41,2,15.38,88,68.75,86,26,58,0,25,5,14,4,0,1,,0,3,0,N'Golo Kanté,Chelsea,234148,38,MF
3,2,0,90,41.67,19,45.24,30,53.57,33,9,80.31,109,42.25,1727,29,23,42,26,0,0,0,0,17,0,0,0,0,0,363,11,787,44,17,20.24,22,52.38,15,5,36,1,36,16,8,8.33,0,4,,0,0,0,Henrikh Mkhitaryan,Arsenal,37151,42,MF
1,6,0,145,54.72,57,67.06,54,83.08,70,1,87.7,202,57.71,3119,22,33,31,36,0,0,0,0,23,3,0,0,0,0,504,2,2281,25,4,22.22,175,66.29,64,56,48,0,18,3,5,5.56,0,2,,1,1,1,Nemanja Matić,Manchester United,44241,35,MF
1,2,0,93,66.91,21,40.38,30,93.75,46,2,93,114,59.69,1746,18,15,10,22,0,0,0,0,14,3,0,0,0,0,385,1,1501,11,3,23.08,52,64.2,30,35,19,0,10,3,4,10,0,0,,1,1,0,Fabian Delph,Manchester City,24048,17,MF
3,1,0,67,48.91,3,17.65,36,69.23,19,5,86.63,70,45.45,1843,12,11,31,26,0,0,0,0,25,1,0,0,0,0,432,6,985,38,3,15,28,59.57,7,8,13,2,45,23,11,6.67,1,1,,0,1,2,Alex Iwobi,Arsenal,352770,42,MF
3,1,0,55,48.25,3,27.27,17,70.83,18,5,86.75,58,46.4,1930,20,12,19,28,0,0,0,0,9,1,0,0,0,0,430,6,1054,51,30,27.03,54,71.05,15,7,22,3,28,10,6,10.71,2,18,,1,0,0,Juan Mata,Manchester United,28367,35,MF
12,2,0,177,45.38,28,35,80,50.96,39,10,79.45,205,43.62,2960,58,23,65,36,0,0,0,0,39,12,0,0,0,0,410,12,1013,59,35,22.15,108,68.35,18,9,51,5,73,36,19,16.44,0,10,,0,0,1,Riyad Mahrez,Leicester City,158213,31,MF
3,3,0,103,56.59,15,31.25,57,76,37,7,82.3,118,51.3,1726,10,17,28,35,0,0,0,0,25,2,0,0,0,0,304,5,688,41,21,24.42,60,64.52,26,13,16,0,47,17,16,6.38,1,3,,0,0,2,Alex Oxlade-Chamberlain,Liverpool,10577,44,MF
2,2,0,110,48.03,39,44.83,36,55.38,43,8,73.88,149,47.15,2840,33,18,45,35,0,0,0,0,30,3,0,0,0,0,248,7,594,67,64,30.33,42,42,34,33,27,0,54,18,15,3.7,3,2,,0,0,0,Jóhann Guðmundsson,Burnley,49805,6,MF
1,1,0,70,47.62,28,71.79,8,57.14,51,1,84.42,98,52.69,2172,14,26,12,27,0,0,0,0,20,1,0,0,0,0,452,2,1761,25,5,20,153,59.53,30,20,33,1,15,3,4,6.67,1,0,,0,0,0,Jordan Henderson,Liverpool,42694,44,MF
2,0,0,51,48.57,7,20.59,17,68,14,1,81.9,58,41.73,1027,20,14,19,13,0,0,0,0,13,1,0,0,0,0,135,1,362,16,11,22,10,55.56,8,3,13,1,16,4,4,12.5,0,0,,0,1,0,João Mário,West Ham United,97001,37,MF
1,2,2,70,50.36,20,60.61,23,69.7,39,3,72.43,90,52.33,2267,8,23,18,30,0,0,0,0,27,1,0,0,0,0,292,4,1001,42,25,31.65,157,43.61,28,28,18,1,42,9,15,2.38,2,0,,0,0,1,Jonjo Shelvey,Newcastle United,36465,39,MF
4,5,0,133,52.36,33,45.83,16,64,102,3,79.55,166,50.92,3071,16,26,57,36,0,0,0,0,46,6,0,0,0,0,550,5,1513,51,37,19.89,101,49.75,38,48,32,0,29,7,15,13.79,1,2,,0,0,1,Aaron Mooy,Huddersfield Town,104813,59,MF
7,10,0,145,48.99,43,45.26,41,77.36,79,3,83.65,188,48.08,3325,26,44,46,37,0,0,0,0,57,6,0,0,0,0,463,1,1877,40,6,23.08,84,59.15,54,55,52,1,47,17,10,14.89,1,2,,0,0,0,Abdoulaye Doucouré,Watford,96535,24,MF
5,0,0,65,57.02,9,25.71,10,43.48,11,3,76.72,74,49.66,2009,45,6,18,26,0,0,0,0,34,4,0,0,0,0,276,3,626,44,34,24.64,20,37.74,17,29,13,0,30,12,10,16.67,0,1,,0,0,1,Ryan Fraser,Bournemouth,138261,60,MF
0,3,0,92,54.44,23,56.1,12,75,58,3,86.48,115,54.76,1762,22,29,21,32,0,0,0,0,23,2,0,0,0,0,459,5,1279,34,29,23.58,85,65.38,22,22,24,0,21,5,8,0,0,0,,0,0,0,James Milner,Liverpool,791,44,MF
10,8,0,146,48.99,49,52.13,28,75.68,86,1,80.16,195,49.74,3081,33,69,24,36,0,0,0,0,41,11,0,0,0,0,317,2,1321,21,13,33.33,122,55.71,71,74,55,2,42,17,11,23.81,1,1,,2,1,0,Luka Milivojević,Crystal Palace,50294,7,MF
2,6,1,187,57.36,33,50,18,66.67,117,1,84.74,220,56.12,2757,52,50,32,33,0,0,0,0,34,8,0,0,0,0,304,1,1327,16,3,27.27,71,62.28,63,42,51,1,23,7,6,8.7,0,1,,0,1,0,Idrissa Gueye,Everton,106337,48,MF
0,0,0,5,100,0,0,5,100,0,0,75,5,100,27,0,0,0,2,0,0,0,0,1,0,0,0,0,0,6,0,12,0,0,0,1,50,0,0,0,0,2,1,1,0,0,0,,0,0,0,Callum Hudson-Odoi,Chelsea,867442,38,MF
1,2,0,126,60.58,25,65.79,55,88.71,55,1,87.86,151,61.38,1721,16,28,31,25,0,0,0,0,25,6,0,0,0,0,162,1,854,8,1,10,41,54.67,35,33,17,0,23,5,5,4.35,1,2,,1,3,0,Mario Lemina,Southampton,307284,45,MF
9,7,0,172,44.68,30,36.59,44,41.9,46,10,77.22,202,43.25,2970,84,43,89,36,0,0,0,0,25,3,0,0,0,0,480,16,966,65,3,16.67,39,50.65,19,18,26,8,69,17,21,13.04,1,5,,1,0,1,Dele Alli,Tottenham Hotspur,198028,33,MF
3,0,0,47,48.96,14,35,9,60,30,0,83.62,61,44.85,1521,8,8,16,23,0,0,0,0,15,6,0,0,0,0,252,1,873,18,12,28.57,45,57.69,15,23,19,0,13,4,4,23.08,0,3,,1,0,0,Steven Davis,Southampton,559,45,MF
2,2,0,49,56.98,5,18.52,7,53.85,25,2,88.02,54,47.79,1869,17,10,8,25,0,0,0,0,25,4,0,0,0,0,167,2,735,19,21,33.87,62,74.7,32,20,13,1,20,6,6,10,0,1,,0,0,0,Sung-Yueng Ki,Swansea City,38642,74,MF
9,1,0,85,41.46,14,35.9,43,51.81,15,5,81.94,99,40.57,1581,27,17,55,30,0,0,0,0,13,0,0,0,0,0,286,9,599,33,6,12.5,13,65,3,6,9,5,49,16,18,18.37,0,8,,0,0,0,Anthony Martial,Manchester United,191176,35,MF
6,0,0,83,54.25,5,26.32,29,70.73,27,4,86.95,88,51.16,1520,27,9,26,35,0,0,0,0,8,2,0,0,0,0,365,3,813,31,9,18,21,53.85,10,10,24,3,25,14,1,24,1,0,,0,1,0,Bernardo Silva,Manchester City,331209,17,MF
0,1,0,6,46.15,5,55.56,4,80,2,2,93.75,11,50,228,0,5,1,10,0,0,0,0,2,0,0,0,0,0,101,1,390,7,0,0,13,76.47,5,4,0,0,5,1,4,0,0,0,,0,0,0,Yaya Touré,Manchester City,14468,17,MF
3,3,0,40,43.48,21,29.58,5,83.33,23,3,78.85,61,37.42,1714,12,18,13,30,0,0,0,0,23,6,0,0,0,0,194,8,589,37,36,22.64,18,34.62,8,18,24,1,28,14,7,10.71,1,0,,0,0,1,James Ward-Prowse,Southampton,161717,45,MF
4,3,0,71,50,4,25,26,74.29,27,1,91.73,75,47.47,1510,19,14,20,30,0,0,0,0,11,3,0,0,0,0,365,2,1286,22,2,25,34,70.83,16,10,28,1,35,11,12,11.43,1,0,,0,0,2,İlkay Gündoğan,Manchester City,45853,17,MF
3,2,0,84,60,7,26.92,28,59.57,28,3,75.77,91,54.82,1216,28,7,23,20,0,0,0,0,15,2,0,0,0,0,103,5,247,15,12,25,9,45,9,11,8,3,19,9,6,15.79,0,12,,0,0,1,Theo Walcott,Everton,10501,48,MF
3,3,0,96,56.8,28,40,32,58.18,37,3,76.5,124,51.88,2118,27,23,20,28,0,0,0,0,19,1,0,0,0,0,227,3,638,21,19,21.11,25,28.41,16,31,10,1,35,11,9,8.57,0,9,,0,2,1,Victor Moses,Chelsea,31585,38,MF
2,0,0,62,53.45,3,17.65,7,70,34,3,79.65,65,48.87,993,21,19,22,15,0,0,0,0,13,3,0,0,0,0,142,1,321,17,1,10,3,20,15,6,10,0,12,4,1,16.67,0,1,,0,0,0,Will Hughes,Watford,193554,24,MF
2,2,0,40,48.19,35,43.75,13,68.42,16,5,84.37,75,46.01,1852,14,9,13,25,0,0,0,0,26,3,0,0,0,0,248,2,993,16,4,19.05,66,58.93,16,49,17,0,18,6,4,11.11,0,1,,0,2,0,Andrew Surman,Bournemouth,14695,60,MF
2,5,0,89,55.28,10,50,17,80.95,51,1,82.3,99,54.7,1140,21,24,19,13,0,0,0,0,17,0,0,0,0,0,78,0,279,7,1,25,20,62.5,14,18,26,1,19,6,6,10.53,0,2,,0,0,0,Badou Ndiaye,Stoke City,228342,29,MF
3,6,0,96,44.24,32,28.32,15,48.39,45,5,72.49,128,38.79,2812,36,37,29,35,0,0,0,0,31,4,0,0,0,0,291,10,759,52,42,22.11,48,38.4,36,53,39,1,59,16,22,5.08,3,3,,1,0,0,Matt Ritchie,Newcastle United,42699,39,MF
4,2,0,74,44.05,19,32.76,20,64.52,38,3,74.86,93,41.15,2262,16,19,25,27,0,0,0,0,36,4,0,0,0,0,223,5,524,38,34,22.67,12,20.69,34,30,41,2,39,12,14,10.26,0,1,,0,0,0,Gylfi Sigurðsson,Everton,43192,48,MF
2,1,0,156,55.71,32,36.78,72,66.06,22,3,82.55,188,51.23,1875,62,17,49,24,0,0,0,0,23,7,0,0,0,0,283,5,596,26,3,25,24,66.67,23,26,22,3,32,7,13,6.25,1,3,,0,0,0,Ruben Loftus-Cheek,Crystal Palace,284441,7,MF
1,11,0,144,52.36,97,54.19,16,88.89,92,0,82.6,241,53.08,2901,37,53,11,34,0,0,0,0,35,12,0,0,0,0,289,3,1524,23,1,16.67,88,53.66,69,72,67,1,27,4,7,3.7,1,3,,0,2,1,Oriol Romeu,Southampton,69416,45,MF
1,6,0,53,48.18,5,27.78,13,81.25,33,1,83.76,58,45.31,2008,7,13,7,24,0,0,0,0,17,0,0,0,0,0,171,1,851,19,10,28.57,68,51.13,46,18,36,0,19,7,5,5.26,0,0,,0,0,0,Steven Defour,Burnley,5942,6,MF
3,4,1,123,50.41,16,47.06,62,65.96,39,1,83.33,139,50,2426,23,22,30,33,0,0,0,0,28,1,0,0,0,0,299,3,820,32,18,18.37,43,68.25,23,13,39,4,46,12,13,6.52,2,8,,0,0,0,Anthony Knockaert,Brighton & Hove Albion,116664,30,MF
2,1,0,68,48.23,2,10.53,17,50,31,2,77.27,70,43.75,1030,20,15,19,13,0,0,0,0,9,0,0,0,0,0,90,2,272,14,10,27.03,9,40.91,15,9,23,1,23,5,11,8.7,3,0,,0,0,1,Kenedy,Newcastle United,801391,39,MF
2,3,0,101,56.11,20,42.55,24,96,53,0,80.45,121,53.3,1562,24,27,19,21,0,0,0,0,24,5,0,0,0,0,126,1,609,6,3,37.5,49,56.98,24,19,34,0,13,5,4,15.38,1,0,,0,1,0,Pedro Obiang,West Ham United,46799,37,MF
0,0,0,3,33.33,1,100,1,100,1,1,83.33,4,40,35,1,3,3,3,0,0,0,0,0,0,0,0,0,0,5,1,15,1,0,0,1,100,0,0,0,0,2,0,1,0,0,0,,0,0,0,Charly Musonda Jr,Chelsea,285937,38,MF
0,0,0,1,100,0,0,0,0,1,0,100,1,100,15,0,0,0,1,0,0,0,0,1,0,0,0,0,0,3,0,6,2,1,50,0,0,0,0,0,0,1,0,0,0,0,0,,0,0,0,Dodi Lukebakio,Watford,823631,24,MF
0,3,0,83,48.82,11,34.38,14,73.68,53,4,82.63,94,46.53,2569,17,23,21,37,0,0,0,0,33,6,0,0,0,0,377,6,1194,46,41,31.78,80,54.79,29,15,39,0,20,3,9,0,2,1,,1,0,0,Tom Carroll,Swansea City,801460,74,MF
0,7,0,104,41.11,6,30,10,43.48,71,1,82.47,110,40.29,2386,23,35,29,31,0,0,0,0,29,7,0,0,0,0,283,5,1068,42,48,35.29,63,44.68,79,28,73,1,38,12,14,0,2,1,,1,3,0,Yohan Cabaye,Crystal Palace,3574,7,MF
3,0,0,51,48.11,33,49.25,11,78.57,23,0,81.45,84,48.55,1415,18,19,7,19,0,0,0,0,19,4,0,0,0,0,112,0,698,9,0,0,45,59.21,19,49,27,0,14,4,1,21.43,0,2,,0,1,1,Vicente Iborra,Leicester City,32690,31,MF
4,6,0,127,52.48,10,41.67,20,76.92,61,0,83.84,137,51.5,2405,46,28,22,29,0,0,0,0,40,5,0,0,0,0,231,2,1110,20,8,34.78,114,63.69,47,22,60,1,15,6,4,26.67,0,2,,0,1,0,Mark Noble,West Ham United,9741,37,MF
7,3,0,76,40.86,18,41.86,45,48.91,14,5,78.3,94,41.05,1807,17,21,31,35,0,0,0,0,14,2,0,0,0,0,200,7,451,22,9,11.11,16,55.17,8,14,12,3,61,21,23,11.48,2,9,,0,0,0,Marcus Rashford,Manchester United,814590,35,MF
1,6,0,97,59.51,7,50,45,81.82,15,3,86.39,104,58.76,1187,37,15,25,20,0,0,0,0,15,1,0,0,0,0,259,4,698,15,1,33.33,23,52.27,8,5,16,1,15,5,6,6.67,0,1,,0,0,0,Jack Wilshere,Arsenal,38094,42,MF
0,1,0,22,59.46,11,68.75,7,58.33,9,0,72.53,33,62.26,447,7,3,4,6,0,0,0,0,7,0,0,0,0,0,38,0,132,1,0,0,9,36,6,6,3,1,12,4,2,0,0,1,,0,0,0,Nathaniel Chalobah,Watford,98450,24,MF
1,1,0,56,54.37,2,9.52,14,63.64,19,1,71.68,58,46.77,1002,23,5,24,14,0,0,0,0,11,1,0,0,0,0,126,5,248,21,13,27.66,12,36.36,5,8,11,0,20,4,11,5,0,1,,0,0,0,Alex Pritchard,Huddersfield Town,180009,59,MF
1,4,0,112,50,39,49.37,28,70,56,1,79.31,151,49.83,1343,29,30,34,24,0,0,0,0,15,3,0,0,0,0,170,1,644,17,0,0,41,48.81,34,23,39,0,16,6,7,6.25,1,0,,0,0,1,Mikel Merino,Newcastle United,592010,39,MF
0,6,2,196,51.44,118,61.14,33,76.74,138,3,76.05,314,54.7,2899,26,60,43,33,0,0,0,0,37,7,0,0,0,0,223,0,1280,13,1,11.11,79,44.89,50,95,74,0,41,6,14,0,2,1,,0,2,1,Wilfred Ndidi,Leicester City,787885,31,MF
0,3,1,21,56.76,6,31.58,3,75,12,1,93.67,27,48.21,869,6,4,8,13,0,0,0,0,12,0,0,0,0,0,202,1,784,10,0,0,23,69.7,10,12,4,0,8,1,4,0,0,1,,0,2,0,Mohamed Elneny,Arsenal,159675,42,MF
1,3,0,105,50,4,21.05,55,69.62,32,3,76.82,109,47.6,1947,18,19,43,31,0,0,0,0,20,11,0,0,0,0,259,6,613,42,17,23.94,41,52.56,15,14,19,1,44,15,13,2.27,1,4,,1,1,0,Nathan Redmond,Southampton,115346,45,MF
2,5,1,129,48.68,11,42.31,52,54.74,51,7,67.33,140,48.11,2543,26,20,38,34,0,0,0,0,31,8,0,0,0,0,236,8,676,49,38,17.51,76,37.25,27,25,35,1,20,6,11,10,0,2,,0,0,2,Marc Albrighton,Leicester City,47737,31,MF
9,10,0,100,46.95,89,28.43,16,64,21,0,61.14,189,35.93,2157,71,53,44,36,0,0,0,0,20,3,0,0,0,0,125,2,310,18,4,25,3,12.5,2,18,24,3,60,22,9,15,0,27,,0,0,1,Ashley Barnes,Burnley,27028,6,MF
0,6,0,138,47.1,28,48.28,18,78.26,103,3,83.78,166,47.29,3240,17,50,18,36,0,0,0,0,47,3,0,0,0,0,287,2,1472,17,0,0,148,66.37,63,67,82,0,19,2,7,0,1,0,,0,1,0,Dale Stephens,Brighton & Hove Albion,21299,30,MF
0,6,0,132,52.38,9,36,68,83.95,36,0,92.19,141,50.9,1883,28,48,34,28,0,0,0,0,20,2,0,0,0,0,348,0,1311,18,1,100,37,74,33,12,28,0,11,3,4,0,0,0,,0,0,0,Mousa Dembélé,Tottenham Hotspur,9865,33,MF
1,1,0,92,56.1,16,36.36,42,76.36,34,2,89.96,108,51.92,2387,17,13,36,33,0,0,0,0,22,1,0,0,0,0,275,1,1138,22,1,33.33,46,70.77,24,19,12,1,38,10,14,2.63,1,4,,0,0,0,Georginio Wijnaldum,Liverpool,22126,44,MF
0,8,1,128,52.89,35,53.85,8,66.67,92,0,85.21,163,53.09,2406,30,32,17,30,0,0,0,0,37,2,0,0,0,0,211,0,1204,9,1,33.33,63,54.78,69,45,62,0,12,2,4,0,0,0,,0,0,0,Jonathan Hogg,Huddersfield Town,101393,59,MF
1,1,1,79,49.07,24,36.36,5,62.5,48,2,82.32,103,45.37,1905,26,33,16,23,0,0,0,0,25,6,0,0,0,0,326,0,936,29,19,23.17,57,49.14,25,19,31,1,16,3,6,6.25,0,1,,0,0,0,Tom Cleverley,Watford,46432,24,MF
2,3,1,123,50.83,40,52.63,36,73.47,63,2,86.18,163,51.26,2124,24,50,28,29,0,0,0,0,19,1,0,0,0,0,245,1,954,16,1,20,44,74.58,37,36,31,3,40,9,17,5,1,2,,2,2,0,Tiemoué Bakayoko,Chelsea,149735,38,MF
1,2,0,56,53.85,18,54.55,18,75,30,0,87.2,74,54.01,839,9,13,13,18,0,0,0,0,9,2,0,0,0,0,129,0,538,5,0,0,37,68.52,10,20,17,0,12,3,2,8.33,0,0,,1,0,0,Victor Wanyama,Tottenham Hotspur,45956,33,MF
1,5,0,95,57.58,42,65.63,26,81.25,44,1,81.01,137,59.83,1399,26,28,20,20,0,0,0,0,22,4,0,0,0,0,118,1,512,10,1,12.5,43,58.9,12,23,17,1,12,3,2,8.33,0,1,,2,1,0,Leroy Fer,Swansea City,31821,74,MF
2,1,0,92,42.4,4,21.05,38,43.68,14,6,80.43,96,40.68,2000,41,10,50,32,0,0,0,0,31,2,0,0,0,0,249,6,559,36,30,27.52,21,65.63,10,9,16,1,54,17,21,3.7,2,2,,0,0,0,Jordon Ibe,Bournemouth,185955,60,MF
1,2,0,105,50.72,13,24.07,59,71.95,31,2,76.59,118,45.21,1536,15,13,42,28,0,0,0,0,29,2,0,0,0,0,189,4,543,20,9,16.67,26,57.78,15,11,25,1,24,3,8,4.17,0,4,,0,0,0,André Carrillo,Watford,115182,24,MF
1,0,0,5,62.5,2,66.67,0,0,5,0,62.5,7,63.64,84,0,0,0,1,0,0,0,0,1,1,0,0,0,0,2,0,15,0,0,0,0,0,4,8,3,0,1,1,0,100,0,0,,1,0,0,Henri Saivet,Newcastle United,26895,39,MF
0,5,0,136,50.94,14,34.15,49,74.24,67,2,79.46,150,48.7,2239,20,33,39,29,0,0,0,0,37,5,0,0,0,0,296,0,975,31,9,31.03,107,61.14,35,22,43,0,18,2,8,0,0,1,,1,1,3,Lewis Cook,Bournemouth,548188,60,MF
0,0,0,4,50,0,0,2,100,1,0,84.85,4,40,109,1,1,2,2,0,0,0,0,0,0,0,0,0,0,22,0,84,2,0,0,12,52.17,1,3,1,1,2,1,1,0,0,0,,0,0,1,Michael Carrick,Manchester United,938,35,MF
0,0,0,3,37.5,2,66.67,0,0,1,0,96.43,5,45.45,46,2,1,2,2,0,0,0,0,0,0,0,0,0,0,4,0,27,1,0,0,3,75,0,1,2,0,0,0,0,0,0,0,,0,0,0,Muhamed Bešić,Everton,124960,48,MF
0,0,0,7,70,1,100,1,33.33,4,0,92.41,8,72.73,146,2,0,1,3,0,0,0,0,3,0,0,0,0,0,32,0,73,1,0,0,1,50,3,0,0,0,2,0,0,0,0,0,,0,0,0,Reiss Nelson,Arsenal,826139,42,MF
0,3,0,77,59.23,33,34.74,7,50,54,3,73.25,110,48.89,2797,19,16,21,32,0,0,0,0,34,10,0,0,0,0,290,6,934,24,28,20.44,77,32.22,23,82,9,0,23,4,4,0,0,3,,2,0,0,Cédric Soares,Southampton,44760,45,MF
1,3,0,72,48.65,42,64.62,13,56.52,43,0,82.4,114,53.52,1541,16,21,18,23,0,0,0,0,27,2,0,0,0,0,143,0,721,8,1,25,62,56.36,43,35,28,1,23,3,12,4.35,1,1,,0,0,0,Étienne Capoue,Watford,16701,24,MF
2,4,0,62,46.27,6,30,23,63.89,23,2,82.74,68,44.16,832,16,24,19,25,0,0,0,0,11,1,0,0,0,0,138,4,369,16,8,32,12,60,7,4,17,3,20,6,6,10,1,3,,0,0,0,Erik Lamela,Tottenham Hotspur,122702,33,MF
0,0,0,30,52.63,4,40,8,80,15,1,90.03,34,50.75,771,7,8,9,16,0,0,0,0,9,0,0,0,0,0,149,1,578,10,2,20,35,70,11,8,8,0,3,0,1,0,0,0,,0,1,0,Harry Winks,Tottenham Hotspur,545780,33,MF
2,8,0,188,50.4,36,37.11,44,80,95,6,81.13,224,47.66,3142,49,49,68,36,0,0,0,0,51,4,0,0,0,0,350,4,1101,31,11,29.73,43,44.79,57,53,60,1,24,4,9,8.33,0,0,,0,1,0,Joe Allen,Stoke City,20602,29,MF
1,4,0,38,50.67,6,75,4,50,19,0,87.37,44,53.01,961,15,9,8,13,0,0,0,0,11,2,0,0,0,0,124,0,512,3,0,0,37,60.66,9,5,17,0,11,1,6,9.09,0,0,,0,0,0,Harry Arter,Bournemouth,39121,60,MF
0,2,0,96,50.53,26,63.41,19,70.37,40,2,78.33,122,52.81,1642,39,31,20,27,0,0,0,0,25,5,0,0,0,0,168,4,636,13,4,22.22,48,49.48,45,23,37,0,17,3,3,0,1,1,,0,0,0,Grzegorz Krychowiak,West Bromwich Albion,76227,8,MF
2,3,0,124,46.27,62,52.1,25,59.52,88,0,81.5,186,48.06,2043,16,44,41,31,0,0,0,0,26,1,0,0,0,0,132,1,665,13,1,16.67,47,65.28,48,28,44,0,20,6,6,10,0,0,,0,2,0,Mohamed Diamé,Newcastle United,14209,39,MF
2,7,0,138,53.7,58,42.34,31,75.61,60,1,80.49,196,49.75,3420,54,23,44,38,0,0,0,0,36,3,0,0,0,0,297,0,1275,19,4,21.05,87,52.1,41,81,42,0,15,5,5,13.33,0,1,,1,0,0,Jack Cork,Burnley,20993,6,MF
0,5,0,111,53.88,47,48.45,28,62.22,57,2,75,158,52.15,2842,26,32,18,34,0,0,0,0,33,4,0,0,0,0,221,3,750,19,19,26.03,30,26.09,44,93,28,0,6,0,3,0,0,9,,0,0,0,DeAndre Yedlin,Newcastle United,314040,39,MF
0,5,0,94,49.74,9,47.37,10,71.43,56,2,87.63,103,49.52,1260,28,28,15,26,0,0,0,0,13,1,0,0,0,0,249,2,914,13,1,6.67,38,46.34,34,20,49,0,12,1,6,0,0,2,,0,2,2,Ander Herrera,Manchester United,82474,35,MF
1,4,0,74,49.33,32,47.06,10,90.91,35,1,76.48,106,48.62,1927,29,28,17,25,0,0,0,0,30,5,0,0,0,0,193,2,709,17,9,32.14,64,46.04,14,32,30,0,16,6,5,6.25,0,1,,0,0,0,Gareth Barry,West Bromwich Albion,544,8,MF
3,2,0,52,48.6,37,50.68,5,55.56,34,1,83.69,89,49.44,2042,14,10,22,29,0,0,0,0,28,2,0,0,0,0,144,1,657,15,12,21.82,33,48.53,30,30,19,2,19,7,4,15.79,0,3,,0,1,0,Sam Clucas,Swansea City,74440,74,MF
3,2,0,39,60.94,15,51.72,2,40,26,0,81.96,54,58.06,1253,11,9,3,22,0,0,0,0,21,5,0,0,0,0,113,0,459,6,2,15.38,26,46.43,11,26,11,0,14,5,5,21.43,0,1,,0,0,0,Andy King,Swansea City,30530,74,MF
1,0,0,50,44.64,14,70,14,37.84,26,1,84.94,64,48.48,1095,10,7,18,22,0,0,0,0,15,0,0,0,0,0,123,2,378,13,17,20.24,6,46.15,6,20,14,2,25,11,9,4,1,5,,0,0,0,Davide Zappacosta,Chelsea,132318,38,MF
1,3,0,48,47.52,16,48.48,18,56.25,23,1,83.54,64,47.76,1394,8,23,17,33,0,0,0,0,15,3,0,0,0,0,237,2,726,27,4,21.05,29,61.7,9,21,3,3,19,8,5,5.26,0,3,,0,1,0,Moussa Sissoko,Tottenham Hotspur,27014,33,MF
5,3,0,68,40.72,3,15,31,44.93,10,2,84.91,71,37.97,1622,27,18,33,32,0,0,0,0,31,3,0,0,0,0,190,6,574,24,14,28.57,33,71.74,9,3,11,2,33,13,11,15.15,1,2,,0,0,0,Roberto Pereyra,Watford,122701,24,MF
1,0,0,5,50,0,0,2,100,2,0,87.5,5,41.67,206,1,0,2,4,0,0,0,0,1,0,0,0,0,0,29,0,77,3,0,0,2,66.67,1,0,3,2,4,2,0,25,0,0,,0,0,0,James Morrison,West Bromwich Albion,822,8,MF
1,0,0,22,44.9,0,0,3,75,15,0,85.97,22,42.31,522,4,10,2,12,0,0,0,0,7,0,0,0,0,0,83,0,331,5,0,0,16,66.67,8,7,14,2,6,2,2,16.67,0,0,,0,0,0,Danny Drinkwater,Chelsea,54330,38,MF
0,0,0,7,77.78,0,0,3,100,1,1,90.91,7,58.33,45,3,1,0,5,0,0,0,0,0,1,0,0,0,0,18,1,40,2,1,25,0,0,0,1,1,0,0,0,0,0,0,0,,0,0,0,Phil Foden,Manchester City,859765,17,MF
0,2,1,119,44.91,47,53.41,36,67.92,73,4,78.23,166,47.03,3120,11,41,23,35,0,0,0,0,47,3,0,0,0,0,232,1,1085,19,3,25,114,61.96,60,68,65,3,36,5,10,0,1,2,,0,2,0,Davy Pröpper,Brighton & Hove Albion,70900,30,MF
0,2,0,24,41.38,10,62.5,2,50,13,1,81.8,34,45.95,1107,10,13,5,19,0,0,0,0,16,1,0,0,0,0,110,2,490,9,3,23.08,63,54.78,19,16,14,1,8,1,5,0,0,0,,0,0,1,Ashley Westwood,Burnley,49647,6,MF
0,0,0,18,46.15,6,50,1,50,16,0,83.59,24,47.06,444,1,5,2,8,0,0,0,0,3,0,0,0,0,0,39,0,163,1,0,0,9,39.13,7,22,13,0,2,0,0,0,0,0,,0,0,0,Matteo Darmian,Manchester United,19352,35,MF
0,1,0,40,68.97,31,46.97,2,66.67,36,0,78.71,71,57.26,1423,2,5,2,26,0,0,0,0,24,5,0,0,0,0,55,0,451,2,0,0,43,38.74,27,70,10,0,5,0,2,0,0,0,,1,0,0,Declan Rice,West Ham United,856714,37,MF
5,5,0,112,45.53,39,43.33,27,71.05,58,1,79.14,151,44.94,2433,28,45,43,33,0,0,0,0,27,8,0,0,0,0,267,3,846,21,2,18.18,37,37.37,36,38,38,1,30,11,9,16.67,0,0,,0,2,0,James McArthur,Crystal Palace,39282,7,MF
0,5,0,50,53.19,18,39.13,2,100,36,0,83.42,68,48.57,900,12,25,6,16,0,0,0,0,12,5,0,0,0,0,51,0,312,1,0,0,19,51.35,16,25,14,0,8,1,1,0,0,0,,0,2,0,Claudio Yacob,West Bromwich Albion,151037,8,MF
3,2,0,85,51.52,5,17.24,38,60.32,17,1,79.35,90,46.39,1690,30,7,29,35,0,0,0,0,28,7,0,0,0,0,159,4,442,29,18,20.93,26,54.17,11,11,19,2,36,9,16,8.33,1,4,,1,0,2,Demarai Gray,Leicester City,355152,31,MF
1,0,0,87,52.73,20,48.78,15,68.18,47,1,78.53,107,51.94,2222,25,14,18,27,0,0,0,0,41,8,0,0,0,0,154,2,823,24,16,32.65,87,51.79,26,31,40,1,11,2,5,9.09,0,0,,1,2,1,Darren Fletcher,Stoke City,765,29,MF
0,0,0,1,50,0,0,0,0,1,0,80,1,50,20,0,0,0,1,0,0,0,0,0,0,0,0,0,0,1,0,4,2,0,0,1,100,0,0,0,0,0,0,0,0,0,0,,0,0,0,Rekeem Harper,West Bromwich Albion,863651,8,MF
0,0,0,10,38.46,3,33.33,2,50,6,0,60.61,13,37.14,200,2,6,7,3,0,0,0,0,3,0,0,0,0,0,21,0,40,3,2,22.22,1,16.67,0,2,2,0,1,0,0,0,0,2,,0,0,0,Nordin Amrabat,Watford,27714,24,MF
0,3,0,35,48.61,25,67.57,4,66.67,25,0,75.14,60,55.05,760,6,14,7,16,0,0,0,0,8,3,0,0,0,0,52,1,278,2,2,16.67,16,40,19,13,14,0,7,2,1,0,0,1,,0,0,0,Philip Billing,Huddersfield Town,548660,59,MF
1,3,0,124,47.88,19,31.15,48,58.54,54,1,77.71,143,44.69,1842,22,29,43,36,0,0,0,0,27,2,0,0,0,0,160,4,495,20,16,15.69,36,52.17,13,29,32,1,28,9,10,3.57,2,7,,0,0,0,Solly March,Brighton & Hove Albion,301288,30,MF
2,0,0,97,49.24,17,27.87,27,47.37,35,0,79.56,114,44.19,2453,36,22,31,33,0,0,0,0,35,4,0,0,0,0,192,3,545,18,15,25.42,17,33.33,12,11,19,5,70,20,24,2.86,2,10,,0,0,0,Thomas Ince,Huddersfield Town,122663,59,MF
0,5,1,79,48.47,37,50,6,54.55,58,0,83.83,116,48.95,2128,17,39,12,30,0,0,0,0,29,9,0,0,0,0,175,0,949,7,2,25,63,54.31,61,59,29,0,5,0,2,0,0,0,,0,1,0,Morgan Schneiderlin,Everton,27009,48,MF
2,1,0,58,43.94,15,20.55,24,75,16,2,81.05,73,35.61,2340,18,19,34,34,0,0,0,0,26,2,0,0,0,0,192,3,650,26,4,17.39,20,44.44,8,20,14,2,25,6,10,8,0,16,,0,1,0,Jeff Hendrick,Burnley,115441,6,MF
0,1,0,38,59.38,10,38.46,10,76.92,17,1,78.36,48,53.33,845,11,5,6,14,0,0,0,0,19,1,0,0,0,0,45,0,210,7,1,14.29,18,72,16,4,12,0,7,1,4,0,0,0,,0,0,0,Edimilson Fernandes,West Ham United,330099,37,MF
0,2,0,32,45.71,20,57.14,8,66.67,19,0,81.39,52,49.52,994,5,21,5,13,0,0,0,0,12,3,0,0,0,0,64,0,363,2,0,0,16,51.61,17,24,8,1,11,2,5,0,1,0,,0,0,0,Matty James,Leicester City,54331,31,MF
2,3,0,84,41.58,35,48.61,45,51.14,26,2,72.64,119,43.43,2097,13,14,45,30,0,0,0,0,26,6,0,0,0,0,121,4,361,35,39,23.78,16,34.78,24,27,19,1,28,8,8,7.14,0,11,,0,0,2,Matt Phillips,West Bromwich Albion,36466,8,MF
0,0,0,14,63.64,4,50,3,100,9,0,74.23,18,60,206,2,3,1,4,0,0,0,0,5,1,0,0,0,0,18,0,72,1,0,0,1,12.5,5,3,4,0,1,0,0,0,0,0,,1,0,0,James McCarthy,Everton,39283,48,MF
0,0,0,14,63.64,4,57.14,3,100,11,0,79.35,18,62.07,435,0,3,4,12,0,0,0,0,5,1,0,0,0,0,42,0,123,0,2,100,13,50,12,12,2,0,1,0,0,0,0,0,,0,0,0,Jaïro Riedewald,Crystal Palace,285989,7,MF
2,5,0,101,46.76,23,38.33,19,70.37,68,2,78.42,124,44.93,2675,14,42,27,34,0,0,0,0,34,7,0,0,0,0,226,2,865,20,3,18.75,65,52,28,28,40,1,15,4,4,13.33,1,1,,0,2,0,Jake Livermore,West Bromwich Albion,34578,8,MF
2,3,0,63,47.37,12,27.91,14,53.85,36,1,69.12,75,42.61,1335,14,21,15,18,0,0,0,0,14,1,0,0,0,0,78,0,244,8,2,25,3,16.67,12,20,25,1,18,7,8,11.11,1,1,,0,0,1,Scott Arfield,Burnley,17056,6,MF
1,1,0,2,20,1,33.33,1,100,1,0,76.81,3,23.08,216,0,1,4,5,0,0,0,0,3,0,0,0,0,0,21,0,53,2,0,0,1,50,0,3,3,0,4,2,1,25,0,0,,0,0,0,Nacer Chadli,West Bromwich Albion,32492,8,MF
2,2,0,76,49.35,11,39.29,31,60.78,32,0,76.96,87,47.8,1234,13,14,20,24,0,0,0,0,25,5,0,0,0,0,133,0,324,15,4,25,5,50,14,12,25,0,13,6,3,15.38,0,3,,0,0,0,Ramadan Sobhi,Stoke City,844763,29,MF
0,0,0,2,66.67,0,0,0,0,2,0,78.57,2,40,14,0,0,1,3,0,0,0,0,0,0,0,0,0,0,0,0,11,1,0,0,0,0,0,0,0,0,0,0,0,0,0,0,,0,0,0,Marko Grujić,Liverpool,280835,44,MF
0,6,0,94,46.08,28,50,21,63.64,44,0,85.02,122,46.92,1671,29,32,24,23,0,0,0,0,23,7,0,0,0,0,182,0,942,13,3,25,51,54.84,37,24,44,1,16,6,5,0,1,1,,1,0,0,Pierre-Emile Højbjerg,Southampton,149593,45,MF
0,2,0,49,53.26,9,30,10,76.92,23,0,77.05,58,47.54,1116,16,17,10,20,0,0,0,0,20,2,0,0,0,0,72,0,319,4,2,25,18,40.91,26,26,15,0,12,2,1,0,0,2,,0,0,0,Danny Williams,Huddersfield Town,40249,59,MF
0,1,0,39,50,14,56,16,48.48,9,1,78.85,53,51.46,583,14,1,18,14,0,0,0,0,9,3,0,0,0,0,94,0,179,7,3,30,4,50,8,7,3,1,6,2,0,0,0,1,,0,0,0,Fousseni Diabaté,Leicester City,796374,31,MF
2,5,0,128,51.41,123,52.12,20,60.61,71,3,75.92,251,51.75,2801,41,45,29,33,0,0,0,0,48,9,0,0,0,0,140,0,725,16,4,23.53,15,28.85,32,49,39,2,23,5,7,8.7,1,6,,0,1,0,Cheikhou Kouyaté,West Ham United,45944,37,MF
1,0,0,35,51.47,2,11.76,17,60.71,7,0,80.93,37,43.53,617,11,3,14,18,0,0,0,0,14,1,0,0,0,0,60,2,157,12,4,17.39,4,50,3,3,5,1,9,5,1,11.11,1,4,,0,0,1,Luciano Narsingh,Swansea City,43414,74,MF
0,2,0,31,52.54,12,54.55,5,62.5,11,0,88.05,43,53.09,629,16,7,10,13,0,0,0,0,2,1,0,0,0,0,78,0,302,2,0,0,12,52.17,13,9,8,0,1,0,0,0,0,0,,0,0,0,Scott McTominay,Manchester United,879346,35,MF
1,3,0,24,45.28,8,47.06,3,60,14,0,75.9,32,45.71,539,7,11,11,10,0,0,0,0,6,1,0,0,0,0,44,0,126,4,1,12.5,13,61.9,11,7,7,0,5,1,4,20,0,0,,0,0,0,Sam Field,West Bromwich Albion,839819,8,MF
0,0,0,29,48.33,5,26.32,13,68.42,9,0,74.63,34,43.04,575,7,7,12,12,0,0,0,0,9,3,0,0,0,0,69,2,150,12,2,25,2,66.67,9,9,7,0,5,1,2,0,0,1,,0,0,0,Nikola Vlašić,Everton,357596,48,MF
2,1,0,71,42.26,13,16.05,28,43.08,17,2,77.23,84,33.73,1781,26,10,38,28,0,0,0,0,19,3,0,0,0,0,142,5,346,25,6,10.53,8,44.44,13,20,13,3,35,12,11,5.71,0,6,,0,1,0,Christian Atsu,Newcastle United,152390,39,MF
1,7,0,55,41.35,51,53.13,6,46.15,40,0,75.33,106,46.29,1372,12,30,23,26,0,0,0,0,23,2,0,0,0,0,90,0,397,11,5,29.41,14,40,23,40,22,1,14,9,1,7.14,0,0,,0,0,0,Isaac Hayden,Newcastle United,190843,39,MF
0,1,0,57,49.14,2,13.33,25,62.5,12,0,83.64,59,45.04,703,20,8,25,12,0,0,0,0,8,2,0,0,0,0,89,0,317,7,5,15.63,17,68,7,4,12,0,12,0,3,0,0,0,,0,1,1,Renato Sanches,Swansea City,318967,74,MF
0,1,0,14,46.67,0,0,0,0,9,1,84.05,14,45.16,376,5,5,2,8,0,0,0,0,8,1,0,0,0,0,25,1,137,1,0,0,12,52.17,9,3,8,0,2,0,2,0,0,0,,0,0,0,Hamza Choudhury,Leicester City,833057,31,MF
0,1,0,8,57.14,2,50,2,66.67,4,0,81.48,10,55.56,137,2,1,3,5,0,0,0,0,7,1,0,0,0,0,15,0,44,1,0,0,2,66.67,0,3,1,0,4,2,0,0,0,0,,0,0,0,Kevin Mirallas,Everton,3593,48,MF
0,2,1,29,54.72,7,58.33,12,100,9,0,63.41,36,55.38,408,8,8,5,11,0,0,0,0,5,2,0,0,0,0,40,3,156,7,8,26.67,23,34.33,9,9,12,1,10,3,3,0,1,0,,1,1,1,Charlie Adam,Stoke City,9360,29,MF
0,0,0,7,31.82,4,50,2,40,4,0,77.42,11,36.67,161,1,1,6,6,0,0,0,0,1,1,0,0,0,0,26,0,48,2,2,66.67,0,0,1,0,5,0,11,5,4,0,1,2,,0,0,1,Josh Sims,Southampton,548198,45,MF
0,1,0,14,37.84,3,42.86,6,85.71,3,0,85.91,17,38.64,235,5,4,10,12,0,0,0,0,1,0,0,0,0,0,80,0,189,7,2,25,4,57.14,1,1,8,2,11,0,6,0,0,1,,0,0,0,Adam Lallana,Liverpool,17054,44,MF
0,0,0,6,60,0,0,2,100,4,0,73.02,6,54.55,142,0,0,2,7,0,0,0,0,1,1,0,0,0,0,11,0,46,3,0,0,1,12.5,3,3,2,0,1,0,0,0,0,1,,0,0,0,Sam McQueen,Southampton,387082,45,MF
0,0,0,12,46.15,2,28.57,3,42.86,2,0,80.49,14,42.42,276,7,1,6,8,0,0,0,0,6,1,0,0,0,0,25,0,66,1,0,0,1,50,1,0,3,0,9,1,3,0,0,1,,0,0,0,Sandro Ramírez,Everton,188407,48,MF
0,3,0,35,41.67,11,35.48,5,71.43,22,1,81.34,46,40,761,8,9,16,12,0,0,0,0,14,4,0,0,0,0,108,1,353,7,0,0,19,54.29,14,0,22,0,11,2,5,0,0,0,,0,0,0,Adrien Silva,Leicester City,30127,31,MF
0,2,0,34,40.96,8,33.33,19,54.29,7,0,80.17,42,39.25,982,9,7,19,20,0,0,0,0,15,2,0,0,0,0,157,0,376,10,4,12.5,17,47.22,13,13,8,1,19,5,4,0,1,2,,0,2,0,Marc Pugh,Bournemouth,11764,60,MF
0,3,0,34,41.46,2,40,5,62.5,20,0,86.42,36,41.38,757,10,14,4,11,0,0,0,0,12,4,0,0,0,0,49,0,420,5,1,100,27,69.23,13,6,27,0,7,1,2,0,0,0,,0,1,0,Roque Mesa,Swansea City,182243,74,MF
0,0,0,17,43.59,4,80,6,50,4,1,77.88,21,47.73,208,7,4,10,6,0,0,0,0,5,1,0,0,0,0,38,0,88,7,0,0,1,50,2,2,2,0,5,2,1,0,0,0,,0,0,1,Lucas Moura,Tottenham Hotspur,149710,33,MF
0,0,0,7,53.85,2,50,1,100,5,0,82.29,9,52.94,156,1,2,2,7,0,0,0,0,6,0,0,0,0,0,17,1,79,1,0,0,7,77.78,3,2,2,0,1,0,1,0,0,0,,0,0,0,Francis Coquelin,Arsenal,40672,42,MF
0,2,0,39,46.43,8,50,5,50,19,0,78.95,47,47,740,15,14,8,19,0,0,0,0,13,1,0,0,0,0,50,1,180,12,2,40,8,34.78,12,8,20,0,4,1,1,0,0,1,,0,0,0,Beram Kayal,Brighton & Hove Albion,21301,30,MF
3,3,1,155,47.11,13,31.71,68,52.71,41,0,79.34,168,45.41,2144,47,29,57,33,0,0,0,0,33,3,0,0,0,0,184,1,503,14,8,9.52,14,51.85,21,7,29,1,43,15,17,6.98,1,3,,1,0,0,Rajiv Van La Parra,Huddersfield Town,38096,59,MF
2,7,0,98,43.75,19,34.55,26,70.27,30,1,78,117,41.94,1901,43,38,39,33,0,0,0,0,18,6,0,0,0,0,177,0,539,11,5,29.41,22,45.83,24,17,42,1,21,3,8,9.52,0,3,,0,0,1,Tom Davies,Everton,795058,48,MF
1,7,0,74,37.56,16,42.11,23,56.1,40,0,72.5,90,38.3,1395,12,35,28,30,0,0,0,0,20,1,0,0,0,0,71,0,261,18,19,21.59,5,17.24,19,15,44,1,30,6,9,3.33,0,5,,0,0,0,James McClean,West Bromwich Albion,41631,8,MF
0,2,0,64,42.67,5,14.71,22,46.81,22,0,81.02,69,37.5,1312,20,17,29,24,0,0,0,0,16,5,0,0,0,0,140,1,414,10,5,15.15,5,41.67,11,2,18,1,10,2,4,0,1,1,,0,0,0,Nathan Dyer,Swansea City,14231,74,MF
0,1,0,10,43.48,14,51.85,1,25,5,1,67.35,24,48,219,4,4,1,5,0,0,0,0,5,0,0,0,0,0,26,0,66,3,0,0,2,40,1,2,6,0,5,0,3,0,0,1,,0,0,0,Abdelhamid Sabiri,Huddersfield Town,807400,59,MF
0,0,0,0,0,0,0,0,0,0,0,88.89,0,0,8,0,0,0,1,0,0,0,0,0,0,0,0,0,0,4,0,8,0,0,0,0,0,0,0,0,0,0,0,0,0,0,0,,0,0,0,Pape Souaré,Crystal Palace,84686,7,MF
0,0,0,0,0,0,0,0,0,0,0,87.5,0,0,59,0,0,0,1,0,0,0,0,1,0,0,0,0,0,5,0,21,1,0,0,2,66.67,1,0,1,0,0,0,0,0,0,0,,0,0,0,Emerson Hyndman,Bournemouth,583558,60,MF
0,0,0,4,44.44,0,0,0,0,4,0,77.5,4,33.33,82,0,3,2,2,0,0,0,0,2,0,0,0,0,0,4,0,31,0,0,0,1,100,1,1,0,0,1,0,0,0,0,0,,0,0,0,Joe Willock,Arsenal,888550,42,MF
0,0,0,6,50,2,50,5,83.33,0,0,76,8,50,131,1,1,3,2,0,0,0,0,4,0,0,0,0,0,11,0,38,2,1,50,1,33.33,0,1,1,1,2,1,1,0,0,0,,0,0,0,Ross Barkley,Chelsea,98435,38,MF
0,0,0,0,0,0,0,0,0,0,0,75,0,0,6,0,0,0,2,0,0,0,0,0,0,0,0,0,0,2,0,3,0,0,0,0,0,2,0,1,0,0,0,0,0,0,0,,0,0,0,Josh Cullen,West Ham United,792122,37,MF
0,0,0,8,57.14,0,0,1,50,2,0,86.05,8,50,166,5,1,2,4,0,0,0,0,4,0,0,0,0,0,13,0,37,1,0,0,1,100,1,1,2,0,1,0,1,0,0,1,,0,0,0,Jamie Murphy,Brighton & Hove Albion,1063273,30,MF
0,0,0,6,75,0,0,1,100,1,0,89.29,6,54.55,50,4,1,2,5,0,0,0,0,1,0,0,0,0,0,13,0,25,0,0,0,1,100,1,0,0,1,3,1,1,0,0,0,,0,0,0,Brahim Díaz,Manchester City,835485,17,MF
0,1,0,7,33.33,0,0,0,0,6,0,92.7,7,28,304,1,7,3,5,0,0,0,0,1,0,0,0,0,0,16,0,127,0,0,0,2,66.67,1,1,3,0,0,0,0,0,0,0,,0,0,0,Leon Britton,Swansea City,20538,74,MF
0,0,0,4,28.57,3,50,0,0,3,0,79.8,7,35,250,2,5,1,7,0,0,0,0,3,3,0,0,0,0,24,0,79,2,0,0,3,60,1,1,4,0,2,2,0,0,0,1,,0,0,0,Davy Klaassen,Everton,97410,48,MF
0,0,0,6,60,2,33.33,2,100,2,0,82.09,8,50,132,2,1,2,7,0,0,0,0,1,2,0,0,0,0,24,0,55,2,0,0,0,0,2,0,1,0,1,0,0,0,0,0,,1,0,0,Chung-yong Lee,Crystal Palace,38639,7,MF
0,2,0,70,39.55,11,36.67,15,40.54,37,2,70.09,81,39.13,1916,20,21,31,29,0,0,0,0,25,5,0,0,0,0,118,1,328,11,7,18.42,9,31.03,19,16,34,0,14,5,7,0,1,1,,0,0,0,Aaron Lennon,Burnley,9692,6,MF
0,0,0,12,38.71,13,35.14,6,60,3,0,69.77,25,36.76,306,3,3,7,13,0,0,0,0,8,0,0,0,0,0,32,1,90,6,2,28.57,5,71.43,1,2,6,0,1,1,0,0,0,1,,0,0,0,Isaiah Brown,Brighton & Hove Albion,314370,30,MF
0,1,0,5,45.45,0,0,1,100,3,0,83.33,5,38.46,128,1,1,1,4,0,0,0,0,3,1,0,0,0,0,10,0,55,1,0,0,2,33.33,1,1,4,1,3,0,0,0,1,0,,0,0,0,Stephen Ireland,Stoke City,9682,29,MF
0,1,0,8,40,1,33.33,1,25,6,0,81.71,9,39.13,193,1,4,1,8,0,0,0,0,2,0,0,0,0,0,17,0,67,0,0,0,3,42.86,2,1,4,0,0,0,0,0,0,0,,0,0,0,Beni Baningime,Everton,909274,48,MF
0,5,0,20,37.74,4,33.33,4,80,13,0,84.03,24,36.92,569,3,14,15,10,0,0,0,0,11,3,0,0,0,0,64,0,200,5,5,25,10,50,5,4,4,2,10,2,5,0,0,0,,0,0,0,Jason Puncheon,Crystal Palace,19593,7,MF
0,2,0,10,40,2,22.22,3,100,6,0,77.36,12,35.29,169,1,4,5,4,0,0,0,0,2,0,0,0,0,0,17,0,41,1,1,25,1,50,0,1,6,0,2,1,1,0,0,0,,0,0,0,Kasey Palmer,Huddersfield Town,788260,59,MF
0,1,0,0,0,0,0,0,0,0,0,62.5,0,0,17,0,2,0,2,0,0,0,0,0,0,0,0,0,0,0,0,5,0,0,0,0,0,0,0,0,0,0,0,0,0,0,0,,0,0,0,Jay Fulton,Swansea City,164291,74,MF
0,0,1,19,57.58,10,58.82,4,80,8,0,79.6,29,58,488,7,5,4,8,0,0,0,0,6,1,0,0,0,0,30,0,199,0,0,0,11,32.35,7,16,4,0,0,0,0,0,0,0,,0,1,0,Daniel Amartey,Leicester City,308526,31,MF
0,1,0,24,43.64,10,58.82,0,0,19,0,82.2,34,47.22,458,5,11,2,8,0,0,0,0,11,1,0,0,0,0,28,0,194,3,1,25,18,51.43,7,9,21,0,1,0,1,0,0,0,,0,0,0,Ben Watson,Watford,642,24,MF
0,1,0,4,44.44,0,0,1,100,3,0,87.65,4,44.44,163,0,1,3,6,0,0,0,0,6,3,0,0,0,0,10,0,71,0,0,0,4,66.67,1,1,1,0,0,0,0,0,0,0,,0,0,0,Ibrahim Afellay,Stoke City,2525,29,MF
1,1,0,7,30.43,3,37.5,3,33.33,2,0,78.46,10,32.26,219,2,3,6,6,0,0,0,0,5,0,0,0,0,0,19,0,51,1,1,12.5,1,33.33,3,1,2,0,3,3,0,33.33,0,0,,1,0,0,Joe Lolley,Huddersfield Town,370224,59,MF
0,1,0,20,39.22,0,0,6,40,7,0,79.52,20,38.46,225,7,4,13,9,0,0,0,0,2,0,0,0,0,0,24,0,66,1,1,7.69,4,66.67,1,1,5,0,4,0,1,0,0,0,,0,0,0,Georges-Kévin N'Koudou,Burnley,342909,6,MF
0,0,0,0,0,1,100,0,0,0,0,84,1,50,68,0,0,0,4,0,0,0,0,3,0,0,0,0,0,4,0,42,0,0,0,1,33.33,2,0,1,0,0,0,0,0,0,0,,0,0,0,Dean Whitehead,Huddersfield Town,9710,59,MF
0,0,0,0,0,0,0,0,0,0,0,100,0,0,1,0,0,0,1,0,0,0,0,0,0,0,0,0,0,1,0,1,0,0,0,0,0,0,0,0,0,0,0,0,0,0,0,,0,0,0,Dwight McNeil,Burnley,935543,6,MF
